Workbook

Sheet Graphique
A1: Pseudo -> | B1: Breizhkanaki | D1: Présentation du classement ou qu'est ce que le classement RPL adapté au Poker -> Présentation du Classement RPL adapté au Club de Poker
A3: =BA48 -> RPL actuel : 1512 | C3: =BA49 -> RPL du club : 1575
S4: 🧮 Échelle RPL du PMPC
S5: Niveau | T5: RPL estimé | U5: % de victoire attendu vs RPL du club (1588) | V5: Description
S6: Débutant du club | T6: < 1470 | U6: ~35 % | V6: Découvre encore les dynamiques du poker live : tailles de mise, lecture des adversaires, discipline préflop. Beaucoup d’enthousiasme, mais encore des erreurs structurelles. Objectif : acquérir patience et rigueur.
S7: Joueur en apprentissage | T7: 1470–1530 | U7: 40–46 % | V7: Commence à comprendre les bases stratégiques (position, ranges, cotes). Peut briller par moments, mais manque encore de constance. Gagne surtout sur la surprise.
S8: Joueur intermédiaire | T8: 1530–1590 | U8: 47–53 % | V8: Solide, comprend la plupart des situations standards. Ses performances deviennent prévisibles et régulières. Peut parfois manquer de prise d’initiative ou d’agressivité calculée.
S9: Bon joueur du club | T9: 1590–1660 | U9: 54–60 % | V9: Structure de jeu claire, gestion de tapis cohérente, meilleure lecture des tells et des rythmes. Commence à adapter son jeu selon le type de table.
S10: Joueur confirmé | T10: 1660–1730 | U10: 61–68 % | V10: Vision stratégique complète, maîtrise de la pression et du mental. Constamment dangereux. Souvent dans les phases finales ou dans le top 5.
S11: Excellent joueur du club | T11: 1730–1780 | U11: 70–76 % | V11: Régulier, réfléchi, patient. Comprend intuitivement la dynamique de table. Difficile à bluffer. Capable d’analyser froidement chaque situation.
S12: Joueur dominant | T12: 1780–1850 | U12: 77–83 % | V12: Très grande stabilité mentale, lecture des ranges précises, compréhension fine des probabilités. Influence la table par sa simple présence. Peut affronter des pros.
S13: Joueur exceptionnel | T13: 1850–1900 | U13: 84–88 % | V13: Combine technique, psychologie et discipline. Capable d’affronter des pros et de tenir la cadence sur le long terme. C’est la passerelle naturelle vers les circuits compétitifs.
S14: Limite théorique (~1980) | T14: 1900+ | U14: 89–92 % | V14: Domination quasi totale dans le contexte du club. Pour continuer à progresser, il faut se confronter à un field plus relevé (tournois régionaux, pros, circuits officiels).
B48: {=IF(INDEX(Feuil1!$B$4:$AY$103, MATCH($B$1, Feuil1!$A$4:$A$103,0), COLUMN()-1)="", NA(), INDEX(Feuil1!$B$4:$AY$103, MATCH($B$1, Feuil1!$A$4:$A$103,0), COLUMN()-1))} -> 1500 | C48: {=IF(INDEX(Feuil1!$B$4:$AY$103, MATCH($B$1, Feuil1!$A$4:$A$103,0), COLUMN()-1)="", NA(), INDEX(Feuil1!$B$4:$AY$103, MATCH($B$1, Feuil1!$A$4:$A$103,0), COLUMN()-1))} -> 1507.9466 | D48: {=IF(INDEX(Feuil1!$B$4:$AY$103, MATCH($B$1, Feuil1!$A$4:$A$103,0), COLUMN()-1)="", NA(), INDEX(Feuil1!$B$4:$AY$103, MATCH($B$1, Feuil1!$A$4:$A$103,0), COLUMN()-1))} -> 1502.27 | E48: {=IF(INDEX(Feuil1!$B$4:$AY$103, MATCH($B$1, Feuil1!$A$4:$A$103,0), COLUMN()-1)="", NA(), INDEX(Feuil1!$B$4:$AY$103, MATCH($B$1, Feuil1!$A$4:$A$103,0), COLUMN()-1))} -> 1499.6493 | F48: {=IF(INDEX(Feuil1!$B$4:$AY$103, MATCH($B$1, Feuil1!$A$4:$A$103,0), COLUMN()-1)="", NA(), INDEX(Feuil1!$B$4:$AY$103, MATCH($B$1, Feuil1!$A$4:$A$103,0), COLUMN()-1))} -> 1498.9897 | G48: {=IF(INDEX(Feuil1!$B$4:$AY$103, MATCH($B$1, Feuil1!$A$4:$A$103,0), COLUMN()-1)="", NA(), INDEX(Feuil1!$B$4:$AY$103, MATCH($B$1, Feuil1!$A$4:$A$103,0), COLUMN()-1))} -> 1498.9897 | H48: {=IF(INDEX(Feuil1!$B$4:$AY$103, MATCH($B$1, Feuil1!$A$4:$A$103,0), COLUMN()-1)="", NA(), INDEX(Feuil1!$B$4:$AY$103, MATCH($B$1, Feuil1!$A$4:$A$103,0), COLUMN()-1))} -> 1504.494 | I48: {=IF(INDEX(Feuil1!$B$4:$AY$103, MATCH($B$1, Feuil1!$A$4:$A$103,0), COLUMN()-1)="", NA(), INDEX(Feuil1!$B$4:$AY$103, MATCH($B$1, Feuil1!$A$4:$A$103,0), COLUMN()-1))} -> 1513.7916 | ... AY48: {=IF(INDEX(Feuil1!$B$4:$AY$103, MATCH($B$1, Feuil1!$A$4:$A$103,0), COLUMN()-1)="", NA(), INDEX(Feuil1!$B$4:$AY$103, MATCH($B$1, Feuil1!$A$4:$A$103,0), COLUMN()-1))} -> #N/A | AZ48: =IFERROR(__xludf.DUMMYFUNCTION("INDEX(FILTER($B48:AY48, ISNUMBER($B48:AY48)), COUNTA(FILTER($B48:AY48, ISNUMBER($B48:AY48))))"),1512.09711887037) -> 1512.0971 | BA48: ="RPL actuel : "&ROUND(AZ48,0) -> RPL actuel : 1512
A49: RPL du club | B49: {=IF(INDEX(Feuil1!$B$4:$AY$103, MATCH($A$49, Feuil1!$A$4:$A$103,0), COLUMN()-1)="", NA(), INDEX(Feuil1!$B$4:$AY$103, MATCH($A$49, Feuil1!$A$4:$A$103,0), COLUMN()-1))} -> 1500 | C49: {=IF(INDEX(Feuil1!$B$4:$AY$103, MATCH($A$49, Feuil1!$A$4:$A$103,0), COLUMN()-1)="", NA(), INDEX(Feuil1!$B$4:$AY$103, MATCH($A$49, Feuil1!$A$4:$A$103,0), COLUMN()-1))} -> 1513.2898 | D49: {=IF(INDEX(Feuil1!$B$4:$AY$103, MATCH($A$49, Feuil1!$A$4:$A$103,0), COLUMN()-1)="", NA(), INDEX(Feuil1!$B$4:$AY$103, MATCH($A$49, Feuil1!$A$4:$A$103,0), COLUMN()-1))} -> 1523.7014 | E49: {=IF(INDEX(Feuil1!$B$4:$AY$103, MATCH($A$49, Feuil1!$A$4:$A$103,0), COLUMN()-1)="", NA(), INDEX(Feuil1!$B$4:$AY$103, MATCH($A$49, Feuil1!$A$4:$A$103,0), COLUMN()-1))} -> 1531.9672 | F49: {=IF(INDEX(Feuil1!$B$4:$AY$103, MATCH($A$49, Feuil1!$A$4:$A$103,0), COLUMN()-1)="", NA(), INDEX(Feuil1!$B$4:$AY$103, MATCH($A$49, Feuil1!$A$4:$A$103,0), COLUMN()-1))} -> 1541.5944 | G49: {=IF(INDEX(Feuil1!$B$4:$AY$103, MATCH($A$49, Feuil1!$A$4:$A$103,0), COLUMN()-1)="", NA(), INDEX(Feuil1!$B$4:$AY$103, MATCH($A$49, Feuil1!$A$4:$A$103,0), COLUMN()-1))} -> 1548.7203 | H49: {=IF(INDEX(Feuil1!$B$4:$AY$103, MATCH($A$49, Feuil1!$A$4:$A$103,0), COLUMN()-1)="", NA(), INDEX(Feuil1!$B$4:$AY$103, MATCH($A$49, Feuil1!$A$4:$A$103,0), COLUMN()-1))} -> 1548.35 | I49: {=IF(INDEX(Feuil1!$B$4:$AY$103, MATCH($A$49, Feuil1!$A$4:$A$103,0), COLUMN()-1)="", NA(), INDEX(Feuil1!$B$4:$AY$103, MATCH($A$49, Feuil1!$A$4:$A$103,0), COLUMN()-1))} -> 1556.3076 | ... AY49: {=IF(INDEX(Feuil1!$B$4:$AY$103, MATCH($A$49, Feuil1!$A$4:$A$103,0), COLUMN()-1)="", NA(), INDEX(Feuil1!$B$4:$AY$103, MATCH($A$49, Feuil1!$A$4:$A$103,0), COLUMN()-1))} -> #N/A | AZ49: =IFERROR(__xludf.DUMMYFUNCTION("INDEX(FILTER(Feuil1!C103:AY103, ISNUMBER(Feuil1!C103:AY103)), COUNTA(FILTER(Feuil1!C103:AY103, ISNUMBER(Feuil1!C103:AY103))))"),1574.889521695299) -> 1574.8895 | BA49: ="RPL du club : "&ROUND(AZ49,0) -> RPL du club : 1575

Sheet Classement RPL PMPC
A1: CLASSEMENT | B1: PSEUDO | C1: RPL | E1: Nouveau RPL = R+K×(S−E) R = ancien RPL du joueur K = constante de progression (32, 24 ou 16 selon le nbr de parties) S = √(Nb_Joueurs + 1) / Position -> score réel (place dans le tournoi) E = 1 / (1 + 10^((RPL_Du_Club - RPL_Precedent)/400)) -> score attendu
A2: 1 | B2: {=IFERROR(INDEX(Feuil1!A$4:A$102,MATCH('Classement RPL PMPC'!A2,Feuil1!BA$4:BA$102,0)),"")} -> Meruem | C2: =IFERROR(LARGE(Feuil1!AZ$4:AZ$102, ROWS('Classement RPL PMPC'!C$1:C1)),"") -> 1722.7938 | E2: Formule : Nouveau RPL = RPL_Precedent + K * (√(Nb_Joueurs + 1) / Position - 1 / (1 + 10^((RPL_Du_Club - RPL_Precedent)/400)))
A3: 2 | B3: {=IFERROR(INDEX(Feuil1!A$4:A$102,MATCH('Classement RPL PMPC'!A3,Feuil1!BA$4:BA$102,0)),"")} -> MinnieLoucas | C3: =IFERROR(LARGE(Feuil1!AZ$4:AZ$102, ROWS('Classement RPL PMPC'!C$1:C2)),"") -> 1687.9488
A4: 3 | B4: {=IFERROR(INDEX(Feuil1!A$4:A$102,MATCH('Classement RPL PMPC'!A4,Feuil1!BA$4:BA$102,0)),"")} -> Loucas | C4: =IFERROR(LARGE(Feuil1!AZ$4:AZ$102, ROWS('Classement RPL PMPC'!C$1:C3)),"") -> 1659.639
A5: 4 | B5: {=IFERROR(INDEX(Feuil1!A$4:A$102,MATCH('Classement RPL PMPC'!A5,Feuil1!BA$4:BA$102,0)),"")} -> Ronkout | C5: =IFERROR(LARGE(Feuil1!AZ$4:AZ$102, ROWS('Classement RPL PMPC'!C$1:C4)),"") -> 1659.5039
A6: 5 | B6: {=IFERROR(INDEX(Feuil1!A$4:A$102,MATCH('Classement RPL PMPC'!A6,Feuil1!BA$4:BA$102,0)),"")} -> Gnaffron | C6: =IFERROR(LARGE(Feuil1!AZ$4:AZ$102, ROWS('Classement RPL PMPC'!C$1:C5)),"") -> 1640.8841
A7: 6 | B7: {=IFERROR(INDEX(Feuil1!A$4:A$102,MATCH('Classement RPL PMPC'!A7,Feuil1!BA$4:BA$102,0)),"")} -> PikaJul | C7: =IFERROR(LARGE(Feuil1!AZ$4:AZ$102, ROWS('Classement RPL PMPC'!C$1:C6)),"") -> 1626.4769
A8: 7 | B8: {=IFERROR(INDEX(Feuil1!A$4:A$102,MATCH('Classement RPL PMPC'!A8,Feuil1!BA$4:BA$102,0)),"")} -> Patrice | C8: =IFERROR(LARGE(Feuil1!AZ$4:AZ$102, ROWS('Classement RPL PMPC'!C$1:C7)),"") -> 1613.3524
A9: 8 | B9: {=IFERROR(INDEX(Feuil1!A$4:A$102,MATCH('Classement RPL PMPC'!A9,Feuil1!BA$4:BA$102,0)),"")} -> Schirou | C9: =IFERROR(LARGE(Feuil1!AZ$4:AZ$102, ROWS('Classement RPL PMPC'!C$1:C8)),"") -> 1610.3916
A10: 9 | B10: {=IFERROR(INDEX(Feuil1!A$4:A$102,MATCH('Classement RPL PMPC'!A10,Feuil1!BA$4:BA$102,0)),"")} -> Gwen | C10: =IFERROR(LARGE(Feuil1!AZ$4:AZ$102, ROWS('Classement RPL PMPC'!C$1:C9)),"") -> 1608.3473
A11: 10 | B11: {=IFERROR(INDEX(Feuil1!A$4:A$102,MATCH('Classement RPL PMPC'!A11,Feuil1!BA$4:BA$102,0)),"")} -> Cat | C11: =IFERROR(LARGE(Feuil1!AZ$4:AZ$102, ROWS('Classement RPL PMPC'!C$1:C10)),"") -> 1572.868
A12: 11 | B12: {=IFERROR(INDEX(Feuil1!A$4:A$102,MATCH('Classement RPL PMPC'!A12,Feuil1!BA$4:BA$102,0)),"")} -> Nicolas | C12: =IFERROR(LARGE(Feuil1!AZ$4:AZ$102, ROWS('Classement RPL PMPC'!C$1:C11)),"") -> 1564.2164
A13: 12 | B13: {=IFERROR(INDEX(Feuil1!A$4:A$102,MATCH('Classement RPL PMPC'!A13,Feuil1!BA$4:BA$102,0)),"")} -> Teddy | C13: =IFERROR(LARGE(Feuil1!AZ$4:AZ$102, ROWS('Classement RPL PMPC'!C$1:C12)),"") -> 1560.3759
A14: 13 | B14: {=IFERROR(INDEX(Feuil1!A$4:A$102,MATCH('Classement RPL PMPC'!A14,Feuil1!BA$4:BA$102,0)),"")} -> Howie | C14: =IFERROR(LARGE(Feuil1!AZ$4:AZ$102, ROWS('Classement RPL PMPC'!C$1:C13)),"") -> 1542.4309
... A101: 100 | B101: {=IFERROR(INDEX(Feuil1!A$4:A$102,MATCH('Classement RPL PMPC'!A101,Feuil1!BA$4:BA$102,0)),"")} | C101: =IFERROR(LARGE(Feuil1!AZ$4:AZ$102, ROWS('Classement RPL PMPC'!C$1:C100)),"")

Sheet Résultats des tournois
A1: Saison 25/26 | B1: S36 | C1: S37 | D1: S38 | E1: S39 | F1: S40 | G1: S41 | H1: S42 | I1: S43 | J1: S44 | K1: S45 | L1: S46 | M1: S47 | N1: S48 | O1: S49 | P1: S50 | Q1: S51 | R1: S52 | S1: S1 | T1: S2 | U1: S3 | V1: S4 | W1: S5 | X1: S6 | Y1: S7 | Z1: S8 | AA1: S9 | AB1: S10 | AC1: S11 | AD1: S12 | AE1: S13 | AF1: S14 | AG1: S15 | AH1: S16 | AI1: S17 | AJ1: S18 | AK1: S19 | AL1: S20 | AM1: S21 | AN1: S22 | AO1: S23 | AP1: S24 | AQ1: S25 | AR1: S26 | AS1: S27 | AT1: S28 | AU1: S29 | AV1: S30 | AW1: S31 | AX1: S32
A2: Nbr de Joueurs -> | B2: =COUNTIF(B4:B102,"<>") -> 13 | C2: =COUNTIF(C4:C102,"<>") -> 11 | D2: =COUNTIF(D4:D102,"<>") -> 14 | E2: =COUNTIF(E4:E102,"<>") -> 11 | F2: =COUNTIF(F4:F102,"<>") -> 12 | G2: =COUNTIF(G4:G102,"<>") -> 12 | H2: =COUNTIF(H4:H102,"<>") -> 16 | I2: =COUNTIF(I4:I102,"<>") -> 10 | ... AX2: =COUNTIF(AX4:AX102,"<>") -> 0
A3: Nom du joueur | B3: Classement | C3: Classement | D3: Classement | E3: Classement | F3: Classement | G3: Classement | H3: Classement | I3: Classement | J3: Classement | K3: Classement | L3: Classement | M3: Classement | N3: Classement | O3: Classement | P3: Classement | Q3: Classement | R3: Classement | S3: Classement | T3: Classement | U3: Classement | V3: Classement | W3: Classement | X3: Classement | Y3: Classement | Z3: Classement | AA3: Classement | AB3: Classement | AC3: Classement | AD3: Classement | AE3: Classement | AF3: Classement | AG3: Classement | AH3: Classement | AI3: Classement | AJ3: Classement | AK3: Classement | AL3: Classement | AM3: Classement | AN3: Classement | AO3: Classement | AP3: Classement | AQ3: Classement | AR3: Classement | AS3: Classement | AT3: Classement | AU3: Classement | AV3: Classement | AW3: Classement | AX3: Classement | AY3: Nbr de parties jouées | AZ3: K dynamique
A4: Breizhkanaki | B4: 5 | C4: 11 | D4: 10 | E4: 8 | G4: 6 | H4: 5 | I4: 9 | AY4: =COUNTIF(B4:AX4,"<>") -> 7 | AZ4: =IF(AY4<=5,32,IF(AY4<=15,24,16)) -> 24
A5: Cat | D5: 9 | E5: 4 | F5: 6 | H5: 2 | I5: 8 | J5: 11 | K5: 14 | L5: 3 | AY5: =COUNTIF(B5:AX5,"<>") -> 8 | AZ5: =IF(AY5<=5,32,IF(AY5<=15,24,16)) -> 24
A6: Gnaffron | B6: 7 | C6: 9 | D6: 1 | E6: 6 | F6: 10 | G6: 7 | H6: 14 | I6: 5 | J6: 3 | K6: 7 | L6: 2 | AY6: =COUNTIF(B6:AX6,"<>") -> 11 | AZ6: =IF(AY6<=5,32,IF(AY6<=15,24,16)) -> 24
A7: Gwen | B7: 8 | C7: 10 | D7: 13 | F7: 1 | H7: 4 | J7: 8 | L7: 5 | AY7: =COUNTIF(B7:AX7,"<>") -> 7 | AZ7: =IF(AY7<=5,32,IF(AY7<=15,24,16)) -> 24
A8: Howie | B8: 2 | D8: 8 | AY8: =COUNTIF(B8:AX8,"<>") -> 2 | AZ8: =IF(AY8<=5,32,IF(AY8<=15,24,16)) -> 32
A9: Hyppo | B9: 13 | D9: 4 | AY9: =COUNTIF(B9:AX9,"<>") -> 2 | AZ9: =IF(AY9<=5,32,IF(AY9<=15,24,16)) -> 32
A10: Loucas | B10: 12 | D10: 3 | E10: 10 | G10: 11 | H10: 3 | I10: 3 | J10: 13 | K10: 2 | L10: 1 | AY10: =COUNTIF(B10:AX10,"<>") -> 9 | AZ10: =IF(AY10<=5,32,IF(AY10<=15,24,16)) -> 24
A11: Mat | D11: 6 | AY11: =COUNTIF(B11:AX11,"<>") -> 1 | AZ11: =IF(AY11<=5,32,IF(AY11<=15,24,16)) -> 32
A12: Meruem | B12: 3 | C12: 1 | D12: 2 | E12: 1 | F12: 12 | G12: 9 | H12: 13 | I12: 2 | J12: 6 | K12: 8 | L12: 10 | AY12: =COUNTIF(B12:AX12,"<>") -> 11 | AZ12: =IF(AY12<=5,32,IF(AY12<=15,24,16)) -> 24
A13: Micky | C13: 6 | F13: 9 | G13: 8 | H13: 12 | J13: 10 | K13: 12 | AY13: =COUNTIF(B13:AX13,"<>") -> 6 | AZ13: =IF(AY13<=5,32,IF(AY13<=15,24,16)) -> 24
A14: MinnieLoucas | B14: 6 | C14: 2 | D14: 14 | E14: 7 | F14: 4 | G14: 1 | H14: 1 | I14: 10 | J14: 15 | K14: 4 | L14: 11 | AY14: =COUNTIF(B14:AX14,"<>") -> 11 | AZ14: =IF(AY14<=5,32,IF(AY14<=15,24,16)) -> 24
A15: Nicolas | B15: 9 | C15: 5 | D15: 5 | E15: 5 | F15: 2 | H15: 6 | I15: 7 | J15: 7 | K15: 9 | L15: 9 | AY15: =COUNTIF(B15:AX15,"<>") -> 10 | AZ15: =IF(AY15<=5,32,IF(AY15<=15,24,16)) -> 24
A16: Patrice | B16: 1 | C16: 8 | D16: 11 | E16: 11 | F16: 5 | G16: 2 | H16: 7 | J16: 9 | K16: 15 | L16: 4 | AY16: =COUNTIF(B16:AX16,"<>") -> 10 | AZ16: =IF(AY16<=5,32,IF(AY16<=15,24,16)) -> 24
A17: Phoenix | B17: 11 | C17: 3 | D17: 12 | E17: 3 | F17: 8 | G17: 10 | H17: 8 | I17: 6 | J17: 14 | K17: 13 | L17: 6 | AY17: =COUNTIF(B17:AX17,"<>") -> 11 | AZ17: =IF(AY17<=5,32,IF(AY17<=15,24,16)) -> 24
A18: Ronkout | B18: 10 | C18: 4 | E18: 9 | F18: 7 | G18: 12 | H18: 16 | I18: 1 | J18: 5 | K18: 1 | AY18: =COUNTIF(B18:AX18,"<>") -> 9 | AZ18: =IF(AY18<=5,32,IF(AY18<=15,24,16)) -> 24
A19: Schirou | B19: 4 | C19: 7 | D19: 7 | E19: 2 | F19: 3 | H19: 9 | I19: 4 | J19: 2 | K19: 11 | L19: 8 | AY19: =COUNTIF(B19:AX19,"<>") -> 10 | AZ19: =IF(AY19<=5,32,IF(AY19<=15,24,16)) -> 24
A20: Falzarr | F20: 11 | AY20: =COUNTIF(B20:AX20,"<>") -> 1 | AZ20: =IF(AY20<=5,32,IF(AY20<=15,24,16)) -> 32
A21: PikaJul | G21: 3 | H21: 15 | J21: 1 | K21: 10 | AY21: =COUNTIF(B21:AX21,"<>") -> 4 | AZ21: =IF(AY21<=5,32,IF(AY21<=15,24,16)) -> 32
A22: Teddy | G22: 4 | H22: 10 | J22: 4 | K22: 3 | AY22: =COUNTIF(B22:AX22,"<>") -> 4 | AZ22: =IF(AY22<=5,32,IF(AY22<=15,24,16)) -> 32
A23: Benoît | G23: 5 | H23: 11 | J23: 12 | K23: 6 | AY23: =COUNTIF(B23:AX23,"<>") -> 4 | AZ23: =IF(AY23<=5,32,IF(AY23<=15,24,16)) -> 32
A24: Popa'akatuki | K24: 5 | AY24: =COUNTIF(B24:AX24,"<>") -> 1 | AZ24: =IF(AY24<=5,32,IF(AY24<=15,24,16)) -> 32
A25: Jerem | L25: 7 | AY25: =COUNTIF(B25:AX25,"<>") -> 1 | AZ25: =IF(AY25<=5,32,IF(AY25<=15,24,16)) -> 32
AY26: =COUNTIF(B26:AX26,"<>") -> 0 | AZ26: =IF(AY26<=5,32,IF(AY26<=15,24,16)) -> 32
AY27: =COUNTIF(B27:AX27,"<>") -> 0 | AZ27: =IF(AY27<=5,32,IF(AY27<=15,24,16)) -> 32
AY28: =COUNTIF(B28:AX28,"<>") -> 0 | AZ28: =IF(AY28<=5,32,IF(AY28<=15,24,16)) -> 32
AY29: =COUNTIF(B29:AX29,"<>") -> 0 | AZ29: =IF(AY29<=5,32,IF(AY29<=15,24,16)) -> 32
AY30: =COUNTIF(B30:AX30,"<>") -> 0 | AZ30: =IF(AY30<=5,32,IF(AY30<=15,24,16)) -> 32
AY31: =COUNTIF(B31:AX31,"<>") -> 0 | AZ31: =IF(AY31<=5,32,IF(AY31<=15,24,16)) -> 32
AY32: =COUNTIF(B32:AX32,"<>") -> 0 | AZ32: =IF(AY32<=5,32,IF(AY32<=15,24,16)) -> 32
AY33: =COUNTIF(B33:AX33,"<>") -> 0 | AZ33: =IF(AY33<=5,32,IF(AY33<=15,24,16)) -> 32
AY34: =COUNTIF(B34:AX34,"<>") -> 0 | AZ34: =IF(AY34<=5,32,IF(AY34<=15,24,16)) -> 32
AY35: =COUNTIF(B35:AX35,"<>") -> 0 | AZ35: =IF(AY35<=5,32,IF(AY35<=15,24,16)) -> 32
AY36: =COUNTIF(B36:AX36,"<>") -> 0 | AZ36: =IF(AY36<=5,32,IF(AY36<=15,24,16)) -> 32
AY37: =COUNTIF(B37:AX37,"<>") -> 0 | AZ37: =IF(AY37<=5,32,IF(AY37<=15,24,16)) -> 32
... AY104: =COUNTIF(B104:AX104,"<>") -> 0 | AZ104: =IF(AY104<=5,32,IF(AY104<=15,24,16)) -> 32

Sheet Feuil1
A1: Nouveau Elo = R+K×(S−E) R = ancien ELO du joueur K = constante de progression (par ex. 32 ou 24 selon la préférence) S = √(Nb_Joueurs + 1) / Position -> score réel (place dans le tournoi) E = 1 / (1 + 10^((Elo_Moyen - Elo_Precedent)/400)) -> score attendu
A2: Formule : Nouveau ELO = Elo_Precedent + K * (√(Nb_Joueurs + 1) / Position - 1 / (1 + 10^((Elo_Moyen - Elo_Precedent)/400)))
A3: Nom du joueur | B3: Elo de départ | C3: 45903 | D3: 45910 | E3: 45917 | F3: 45924 | G3: 45931 | H3: 45938 | I3: 45945 | J3: 45952 | K3: 45959 | L3: 45966 | M3: 45973 | N3: 45980 | O3: 45987 | P3: 45994 | Q3: 46001 | R3: 46008 | S3: 46015 | T3: 46022 | U3: 46029 | V3: 46036 | W3: 46043 | X3: 46050 | Y3: 46057 | Z3: 46064 | AA3: 46071 | AB3: 46078 | AC3: 46085 | AD3: 46092 | AE3: 46099 | AF3: 46106 | AG3: 46113 | AH3: 46120 | AI3: 46127 | AJ3: 46134 | AK3: 46141 | AL3: 46148 | AM3: 46155 | AN3: 46162 | AO3: 46169 | AP3: 46176 | AQ3: 46183 | AR3: 46190 | AS3: 46197 | AT3: 46204 | AU3: 46211 | AV3: 46218 | AW3: 46225 | AX3: 46232 | AY3: 46239 | AZ3: Classement ELO actuel
A4: =IF('Résultats des tournois'!A4="","",'Résultats des tournois'!A4) -> Breizhkanaki | B4: 1500 | C4: =IF('Résultats des tournois'!B4="","",B4+'K dynamique'!B4*((SQRT('Résultats des tournois'!B$2+1)/'Résultats des tournois'!B4)-(1/(1+10^((B4-B4)/400))))) -> 1507.9466 | D4: =IFERROR(__xludf.DUMMYFUNCTION("IF('Résultats des tournois'!C$2=0,"""",LET( lastVal, INDEX(FILTER($B4:C4, ISNUMBER($B4:C4)), COUNTA(FILTER($B4:C4, ISNUMBER($B4:C4)))), IFERROR( IF('Résultats des tournois'!C4="""", INDEX(FILTER($C4:C4, ISNUMBER($C4:C4)), COUNTA(FILTER($C4:C4, ISNUMBER($C"&"4:C4)))), lastVal + 'K dynamique'!C4 * ((SQRT('Résultats des tournois'!C$2 + 1)/'Résultats des tournois'!C4) - (1 / (1 + 10^((C$103 - lastVal)/400))))) ) ))"),1502.2700363466809) -> 1502.27 | E4: =IFERROR(__xludf.DUMMYFUNCTION("IF('Résultats des tournois'!D$2=0,"""",LET( lastVal, INDEX(FILTER($B4:D4, ISNUMBER($B4:D4)), COUNTA(FILTER($B4:D4, ISNUMBER($B4:D4)))), IFERROR( IF('Résultats des tournois'!D4="""", INDEX(FILTER($C4:D4, ISNUMBER($C4:D4)), COUNTA(FILTER($C4:D4, ISNUMBER($C"&"4:D4)))), lastVal + 'K dynamique'!D4 * ((SQRT('Résultats des tournois'!D$2 + 1)/'Résultats des tournois'!D4) - (1 / (1 + 10^((D$103 - lastVal)/400))))) ) ))"),1499.649282283463) -> 1499.6493 | F4: =IFERROR(__xludf.DUMMYFUNCTION("IF('Résultats des tournois'!E$2=0,"""",LET( lastVal, INDEX(FILTER($B4:E4, ISNUMBER($B4:E4)), COUNTA(FILTER($B4:E4, ISNUMBER($B4:E4)))), IFERROR( IF('Résultats des tournois'!E4="""", INDEX(FILTER($C4:E4, ISNUMBER($C4:E4)), COUNTA(FILTER($C4:E4, ISNUMBER($C"&"4:E4)))), lastVal + 'K dynamique'!E4 * ((SQRT('Résultats des tournois'!E$2 + 1)/'Résultats des tournois'!E4) - (1 / (1 + 10^((E$103 - lastVal)/400))))) ) ))"),1498.9897046746478) -> 1498.9897 | G4: =IFERROR(__xludf.DUMMYFUNCTION("IF('Résultats des tournois'!F$2=0,"""",LET( lastVal, INDEX(FILTER($B4:F4, ISNUMBER($B4:F4)), COUNTA(FILTER($B4:F4, ISNUMBER($B4:F4)))), IFERROR( IF('Résultats des tournois'!F4="""", INDEX(FILTER($C4:F4, ISNUMBER($C4:F4)), COUNTA(FILTER($C4:F4, ISNUMBER($C"&"4:F4)))), lastVal + 'K dynamique'!F4 * ((SQRT('Résultats des tournois'!F$2 + 1)/'Résultats des tournois'!F4) - (1 / (1 + 10^((F$103 - lastVal)/400))))) ) ))"),1498.9897046746478) -> 1498.9897 | H4: =IFERROR(__xludf.DUMMYFUNCTION("IF('Résultats des tournois'!G$2=0,"""",LET( lastVal, INDEX(FILTER($B4:G4, ISNUMBER($B4:G4)), COUNTA(FILTER($B4:G4, ISNUMBER($B4:G4)))), IFERROR( IF('Résultats des tournois'!G4="""", INDEX(FILTER($C4:G4, ISNUMBER($C4:G4)), COUNTA(FILTER($C4:G4, ISNUMBER($C"&"4:G4)))), lastVal + 'K dynamique'!G4 * ((SQRT('Résultats des tournois'!G$2 + 1)/'Résultats des tournois'!G4) - (1 / (1 + 10^((G$103 - lastVal)/400))))) ) ))"),1504.4939788449126) -> 1504.494 | I4: =IFERROR(__xludf.DUMMYFUNCTION("IF('Résultats des tournois'!H$2=0,"""",LET( lastVal, INDEX(FILTER($B4:H4, ISNUMBER($B4:H4)), COUNTA(FILTER($B4:H4, ISNUMBER($B4:H4)))), IFERROR( IF('Résultats des tournois'!H4="""", INDEX(FILTER($C4:H4, ISNUMBER($C4:H4)), COUNTA(FILTER($C4:H4, ISNUMBER($C"&"4:H4)))), lastVal + 'K dynamique'!H4 * ((SQRT('Résultats des tournois'!H$2 + 1)/'Résultats des tournois'!H4) - (1 / (1 + 10^((H$103 - lastVal)/400))))) ) ))"),1513.7916235412072) -> 1513.7916 | J4: =IFERROR(__xludf.DUMMYFUNCTION("IF('Résultats des tournois'!I$2=0,"""",LET( lastVal, INDEX(FILTER($B4:I4, ISNUMBER($B4:I4)), COUNTA(FILTER($B4:I4, ISNUMBER($B4:I4)))), IFERROR( IF('Résultats des tournois'!I4="""", INDEX(FILTER($C4:I4, ISNUMBER($C4:I4)), COUNTA(FILTER($C4:I4, ISNUMBER($C"&"4:I4)))), lastVal + 'K dynamique'!I4 * ((SQRT('Résultats des tournois'!I$2 + 1)/'Résultats des tournois'!I4) - (1 / (1 + 10^((I$103 - lastVal)/400))))) ) ))"),1512.09711887037) -> 1512.0971 | K4: =IFERROR(__xludf.DUMMYFUNCTION("IF('Résultats des tournois'!J$2=0,"""",LET( lastVal, INDEX(FILTER($B4:J4, ISNUMBER($B4:J4)), COUNTA(FILTER($B4:J4, ISNUMBER($B4:J4)))), IFERROR( IF('Résultats des tournois'!J4="""", INDEX(FILTER($C4:J4, ISNUMBER($C4:J4)), COUNTA(FILTER($C4:J4, ISNUMBER($C"&"4:J4)))), lastVal + 'K dynamique'!J4 * ((SQRT('Résultats des tournois'!J$2 + 1)/'Résultats des tournois'!J4) - (1 / (1 + 10^((J$103 - lastVal)/400))))) ) ))"),1512.09711887037) -> 1512.0971 | L4: =IFERROR(__xludf.DUMMYFUNCTION("IF('Résultats des tournois'!K$2=0,"""",LET( lastVal, INDEX(FILTER($B4:K4, ISNUMBER($B4:K4)), COUNTA(FILTER($B4:K4, ISNUMBER($B4:K4)))), IFERROR( IF('Résultats des tournois'!K4="""", INDEX(FILTER($C4:K4, ISNUMBER($C4:K4)), COUNTA(FILTER($C4:K4, ISNUMBER($C"&"4:K4)))), lastVal + 'K dynamique'!K4 * ((SQRT('Résultats des tournois'!K$2 + 1)/'Résultats des tournois'!K4) - (1 / (1 + 10^((K$103 - lastVal)/400))))) ) ))"),1512.09711887037) -> 1512.0971 | M4: =IFERROR(__xludf.DUMMYFUNCTION("IF('Résultats des tournois'!L$2=0,"""",LET( lastVal, INDEX(FILTER($B4:L4, ISNUMBER($B4:L4)), COUNTA(FILTER($B4:L4, ISNUMBER($B4:L4)))), IFERROR( IF('Résultats des tournois'!L4="""", INDEX(FILTER($C4:L4, ISNUMBER($C4:L4)), COUNTA(FILTER($C4:L4, ISNUMBER($C"&"4:L4)))), lastVal + 'K dynamique'!L4 * ((SQRT('Résultats des tournois'!L$2 + 1)/'Résultats des tournois'!L4) - (1 / (1 + 10^((L$103 - lastVal)/400))))) ) ))"),1512.09711887037) -> 1512.0971 | N4: =IFERROR(__xludf.DUMMYFUNCTION("IF('Résultats des tournois'!M$2=0,"""",LET( lastVal, INDEX(FILTER($B4:M4, ISNUMBER($B4:M4)), COUNTA(FILTER($B4:M4, ISNUMBER($B4:M4)))), IFERROR( IF('Résultats des tournois'!M4="""", INDEX(FILTER($C4:M4, ISNUMBER($C4:M4)), COUNTA(FILTER($C4:M4, ISNUMBER($C"&"4:M4)))), lastVal + 'K dynamique'!M4 * ((SQRT('Résultats des tournois'!M$2 + 1)/'Résultats des tournois'!M4) - (1 / (1 + 10^((M$103 - lastVal)/400))))) ) ))"),"") | O4: =IFERROR(__xludf.DUMMYFUNCTION("IF('Résultats des tournois'!N$2=0,"""",LET( lastVal, INDEX(FILTER($B4:N4, ISNUMBER($B4:N4)), COUNTA(FILTER($B4:N4, ISNUMBER($B4:N4)))), IFERROR( IF('Résultats des tournois'!N4="""", INDEX(FILTER($C4:N4, ISNUMBER($C4:N4)), COUNTA(FILTER($C4:N4, ISNUMBER($C"&"4:N4)))), lastVal + 'K dynamique'!N4 * ((SQRT('Résultats des tournois'!N$2 + 1)/'Résultats des tournois'!N4) - (1 / (1 + 10^((N$103 - lastVal)/400))))) ) ))"),"") | P4: =IFERROR(__xludf.DUMMYFUNCTION("IF('Résultats des tournois'!O$2=0,"""",LET( lastVal, INDEX(FILTER($B4:O4, ISNUMBER($B4:O4)), COUNTA(FILTER($B4:O4, ISNUMBER($B4:O4)))), IFERROR( IF('Résultats des tournois'!O4="""", INDEX(FILTER($C4:O4, ISNUMBER($C4:O4)), COUNTA(FILTER($C4:O4, ISNUMBER($C"&"4:O4)))), lastVal + 'K dynamique'!O4 * ((SQRT('Résultats des tournois'!O$2 + 1)/'Résultats des tournois'!O4) - (1 / (1 + 10^((O$103 - lastVal)/400))))) ) ))"),"") | Q4: =IFERROR(__xludf.DUMMYFUNCTION("IF('Résultats des tournois'!P$2=0,"""",LET( lastVal, INDEX(FILTER($B4:P4, ISNUMBER($B4:P4)), COUNTA(FILTER($B4:P4, ISNUMBER($B4:P4)))), IFERROR( IF('Résultats des tournois'!P4="""", INDEX(FILTER($C4:P4, ISNUMBER($C4:P4)), COUNTA(FILTER($C4:P4, ISNUMBER($C"&"4:P4)))), lastVal + 'K dynamique'!P4 * ((SQRT('Résultats des tournois'!P$2 + 1)/'Résultats des tournois'!P4) - (1 / (1 + 10^((P$103 - lastVal)/400))))) ) ))"),"") | R4: =IFERROR(__xludf.DUMMYFUNCTION("IF('Résultats des tournois'!Q$2=0,"""",LET( lastVal, INDEX(FILTER($B4:Q4, ISNUMBER($B4:Q4)), COUNTA(FILTER($B4:Q4, ISNUMBER($B4:Q4)))), IFERROR( IF('Résultats des tournois'!Q4="""", INDEX(FILTER($C4:Q4, ISNUMBER($C4:Q4)), COUNTA(FILTER($C4:Q4, ISNUMBER($C"&"4:Q4)))), lastVal + 'K dynamique'!Q4 * ((SQRT('Résultats des tournois'!Q$2 + 1)/'Résultats des tournois'!Q4) - (1 / (1 + 10^((Q$103 - lastVal)/400))))) ) ))"),"") | S4: =IFERROR(__xludf.DUMMYFUNCTION("IF('Résultats des tournois'!R$2=0,"""",LET( lastVal, INDEX(FILTER($B4:R4, ISNUMBER($B4:R4)), COUNTA(FILTER($B4:R4, ISNUMBER($B4:R4)))), IFERROR( IF('Résultats des tournois'!R4="""", INDEX(FILTER($C4:R4, ISNUMBER($C4:R4)), COUNTA(FILTER($C4:R4, ISNUMBER($C"&"4:R4)))), lastVal + 'K dynamique'!R4 * ((SQRT('Résultats des tournois'!R$2 + 1)/'Résultats des tournois'!R4) - (1 / (1 + 10^((R$103 - lastVal)/400))))) ) ))"),"") | T4: =IFERROR(__xludf.DUMMYFUNCTION("IF('Résultats des tournois'!S$2=0,"""",LET( lastVal, INDEX(FILTER($B4:S4, ISNUMBER($B4:S4)), COUNTA(FILTER($B4:S4, ISNUMBER($B4:S4)))), IFERROR( IF('Résultats des tournois'!S4="""", INDEX(FILTER($C4:S4, ISNUMBER($C4:S4)), COUNTA(FILTER($C4:S4, ISNUMBER($C"&"4:S4)))), lastVal + 'K dynamique'!S4 * ((SQRT('Résultats des tournois'!S$2 + 1)/'Résultats des tournois'!S4) - (1 / (1 + 10^((S$103 - lastVal)/400))))) ) ))"),"") | U4: =IFERROR(__xludf.DUMMYFUNCTION("IF('Résultats des tournois'!T$2=0,"""",LET( lastVal, INDEX(FILTER($B4:T4, ISNUMBER($B4:T4)), COUNTA(FILTER($B4:T4, ISNUMBER($B4:T4)))), IFERROR( IF('Résultats des tournois'!T4="""", INDEX(FILTER($C4:T4, ISNUMBER($C4:T4)), COUNTA(FILTER($C4:T4, ISNUMBER($C"&"4:T4)))), lastVal + 'K dynamique'!T4 * ((SQRT('Résultats des tournois'!T$2 + 1)/'Résultats des tournois'!T4) - (1 / (1 + 10^((T$103 - lastVal)/400))))) ) ))"),"") | V4: =IFERROR(__xludf.DUMMYFUNCTION("IF('Résultats des tournois'!U$2=0,"""",LET( lastVal, INDEX(FILTER($B4:U4, ISNUMBER($B4:U4)), COUNTA(FILTER($B4:U4, ISNUMBER($B4:U4)))), IFERROR( IF('Résultats des tournois'!U4="""", INDEX(FILTER($C4:U4, ISNUMBER($C4:U4)), COUNTA(FILTER($C4:U4, ISNUMBER($C"&"4:U4)))), lastVal + 'K dynamique'!U4 * ((SQRT('Résultats des tournois'!U$2 + 1)/'Résultats des tournois'!U4) - (1 / (1 + 10^((U$103 - lastVal)/400))))) ) ))"),"") | W4: =IFERROR(__xludf.DUMMYFUNCTION("IF('Résultats des tournois'!V$2=0,"""",LET( lastVal, INDEX(FILTER($B4:V4, ISNUMBER($B4:V4)), COUNTA(FILTER($B4:V4, ISNUMBER($B4:V4)))), IFERROR( IF('Résultats des tournois'!V4="""", INDEX(FILTER($C4:V4, ISNUMBER($C4:V4)), COUNTA(FILTER($C4:V4, ISNUMBER($C"&"4:V4)))), lastVal + 'K dynamique'!V4 * ((SQRT('Résultats des tournois'!V$2 + 1)/'Résultats des tournois'!V4) - (1 / (1 + 10^((V$103 - lastVal)/400))))) ) ))"),"") | X4: =IFERROR(__xludf.DUMMYFUNCTION("IF('Résultats des tournois'!W$2=0,"""",LET( lastVal, INDEX(FILTER($B4:W4, ISNUMBER($B4:W4)), COUNTA(FILTER($B4:W4, ISNUMBER($B4:W4)))), IFERROR( IF('Résultats des tournois'!W4="""", INDEX(FILTER($C4:W4, ISNUMBER($C4:W4)), COUNTA(FILTER($C4:W4, ISNUMBER($C"&"4:W4)))), lastVal + 'K dynamique'!W4 * ((SQRT('Résultats des tournois'!W$2 + 1)/'Résultats des tournois'!W4) - (1 / (1 + 10^((W$103 - lastVal)/400))))) ) ))"),"") | Y4: =IFERROR(__xludf.DUMMYFUNCTION("IF('Résultats des tournois'!X$2=0,"""",LET( lastVal, INDEX(FILTER($B4:X4, ISNUMBER($B4:X4)), COUNTA(FILTER($B4:X4, ISNUMBER($B4:X4)))), IFERROR( IF('Résultats des tournois'!X4="""", INDEX(FILTER($C4:X4, ISNUMBER($C4:X4)), COUNTA(FILTER($C4:X4, ISNUMBER($C"&"4:X4)))), lastVal + 'K dynamique'!X4 * ((SQRT('Résultats des tournois'!X$2 + 1)/'Résultats des tournois'!X4) - (1 / (1 + 10^((X$103 - lastVal)/400))))) ) ))"),"") | Z4: =IFERROR(__xludf.DUMMYFUNCTION("IF('Résultats des tournois'!Y$2=0,"""",LET( lastVal, INDEX(FILTER($B4:Y4, ISNUMBER($B4:Y4)), COUNTA(FILTER($B4:Y4, ISNUMBER($B4:Y4)))), IFERROR( IF('Résultats des tournois'!Y4="""", INDEX(FILTER($C4:Y4, ISNUMBER($C4:Y4)), COUNTA(FILTER($C4:Y4, ISNUMBER($C"&"4:Y4)))), lastVal + 'K dynamique'!Y4 * ((SQRT('Résultats des tournois'!Y$2 + 1)/'Résultats des tournois'!Y4) - (1 / (1 + 10^((Y$103 - lastVal)/400))))) ) ))"),"") | AA4: =IFERROR(__xludf.DUMMYFUNCTION("IF('Résultats des tournois'!Z$2=0,"""",LET( lastVal, INDEX(FILTER($B4:Z4, ISNUMBER($B4:Z4)), COUNTA(FILTER($B4:Z4, ISNUMBER($B4:Z4)))), IFERROR( IF('Résultats des tournois'!Z4="""", INDEX(FILTER($C4:Z4, ISNUMBER($C4:Z4)), COUNTA(FILTER($C4:Z4, ISNUMBER($C"&"4:Z4)))), lastVal + 'K dynamique'!Z4 * ((SQRT('Résultats des tournois'!Z$2 + 1)/'Résultats des tournois'!Z4) - (1 / (1 + 10^((Z$103 - lastVal)/400))))) ) ))"),"") | AB4: =IFERROR(__xludf.DUMMYFUNCTION("IF('Résultats des tournois'!AA$2=0,"""",LET( lastVal, INDEX(FILTER($B4:AA4, ISNUMBER($B4:AA4)), COUNTA(FILTER($B4:AA4, ISNUMBER($B4:AA4)))), IFERROR( IF('Résultats des tournois'!AA4="""", INDEX(FILTER($C4:AA4, ISNUMBER($C4:AA4)), COUNTA(FILTER($C4:AA4, IS"&"NUMBER($C4:AA4)))), lastVal + 'K dynamique'!AA4 * ((SQRT('Résultats des tournois'!AA$2 + 1)/'Résultats des tournois'!AA4) - (1 / (1 + 10^((AA$103 - lastVal)/400))))) ) ))"),"") | AC4: =IFERROR(__xludf.DUMMYFUNCTION("IF('Résultats des tournois'!AB$2=0,"""",LET( lastVal, INDEX(FILTER($B4:AB4, ISNUMBER($B4:AB4)), COUNTA(FILTER($B4:AB4, ISNUMBER($B4:AB4)))), IFERROR( IF('Résultats des tournois'!AB4="""", INDEX(FILTER($C4:AB4, ISNUMBER($C4:AB4)), COUNTA(FILTER($C4:AB4, IS"&"NUMBER($C4:AB4)))), lastVal + 'K dynamique'!AB4 * ((SQRT('Résultats des tournois'!AB$2 + 1)/'Résultats des tournois'!AB4) - (1 / (1 + 10^((AB$103 - lastVal)/400))))) ) ))"),"") | AD4: =IFERROR(__xludf.DUMMYFUNCTION("IF('Résultats des tournois'!AC$2=0,"""",LET( lastVal, INDEX(FILTER($B4:AC4, ISNUMBER($B4:AC4)), COUNTA(FILTER($B4:AC4, ISNUMBER($B4:AC4)))), IFERROR( IF('Résultats des tournois'!AC4="""", INDEX(FILTER($C4:AC4, ISNUMBER($C4:AC4)), COUNTA(FILTER($C4:AC4, IS"&"NUMBER($C4:AC4)))), lastVal + 'K dynamique'!AC4 * ((SQRT('Résultats des tournois'!AC$2 + 1)/'Résultats des tournois'!AC4) - (1 / (1 + 10^((AC$103 - lastVal)/400))))) ) ))"),"") | AE4: =IFERROR(__xludf.DUMMYFUNCTION("IF('Résultats des tournois'!AD$2=0,"""",LET( lastVal, INDEX(FILTER($B4:AD4, ISNUMBER($B4:AD4)), COUNTA(FILTER($B4:AD4, ISNUMBER($B4:AD4)))), IFERROR( IF('Résultats des tournois'!AD4="""", INDEX(FILTER($C4:AD4, ISNUMBER($C4:AD4)), COUNTA(FILTER($C4:AD4, IS"&"NUMBER($C4:AD4)))), lastVal + 'K dynamique'!AD4 * ((SQRT('Résultats des tournois'!AD$2 + 1)/'Résultats des tournois'!AD4) - (1 / (1 + 10^((AD$103 - lastVal)/400))))) ) ))"),"") | AF4: =IFERROR(__xludf.DUMMYFUNCTION("IF('Résultats des tournois'!AE$2=0,"""",LET( lastVal, INDEX(FILTER($B4:AE4, ISNUMBER($B4:AE4)), COUNTA(FILTER($B4:AE4, ISNUMBER($B4:AE4)))), IFERROR( IF('Résultats des tournois'!AE4="""", INDEX(FILTER($C4:AE4, ISNUMBER($C4:AE4)), COUNTA(FILTER($C4:AE4, IS"&"NUMBER($C4:AE4)))), lastVal + 'K dynamique'!AE4 * ((SQRT('Résultats des tournois'!AE$2 + 1)/'Résultats des tournois'!AE4) - (1 / (1 + 10^((AE$103 - lastVal)/400))))) ) ))"),"") | AG4: =IFERROR(__xludf.DUMMYFUNCTION("IF('Résultats des tournois'!AF$2=0,"""",LET( lastVal, INDEX(FILTER($B4:AF4, ISNUMBER($B4:AF4)), COUNTA(FILTER($B4:AF4, ISNUMBER($B4:AF4)))), IFERROR( IF('Résultats des tournois'!AF4="""", INDEX(FILTER($C4:AF4, ISNUMBER($C4:AF4)), COUNTA(FILTER($C4:AF4, IS"&"NUMBER($C4:AF4)))), lastVal + 'K dynamique'!AF4 * ((SQRT('Résultats des tournois'!AF$2 + 1)/'Résultats des tournois'!AF4) - (1 / (1 + 10^((AF$103 - lastVal)/400))))) ) ))"),"") | AH4: =IFERROR(__xludf.DUMMYFUNCTION("IF('Résultats des tournois'!AG$2=0,"""",LET( lastVal, INDEX(FILTER($B4:AG4, ISNUMBER($B4:AG4)), COUNTA(FILTER($B4:AG4, ISNUMBER($B4:AG4)))), IFERROR( IF('Résultats des tournois'!AG4="""", INDEX(FILTER($C4:AG4, ISNUMBER($C4:AG4)), COUNTA(FILTER($C4:AG4, IS"&"NUMBER($C4:AG4)))), lastVal + 'K dynamique'!AG4 * ((SQRT('Résultats des tournois'!AG$2 + 1)/'Résultats des tournois'!AG4) - (1 / (1 + 10^((AG$103 - lastVal)/400))))) ) ))"),"") | AI4: =IFERROR(__xludf.DUMMYFUNCTION("IF('Résultats des tournois'!AH$2=0,"""",LET( lastVal, INDEX(FILTER($B4:AH4, ISNUMBER($B4:AH4)), COUNTA(FILTER($B4:AH4, ISNUMBER($B4:AH4)))), IFERROR( IF('Résultats des tournois'!AH4="""", INDEX(FILTER($C4:AH4, ISNUMBER($C4:AH4)), COUNTA(FILTER($C4:AH4, IS"&"NUMBER($C4:AH4)))), lastVal + 'K dynamique'!AH4 * ((SQRT('Résultats des tournois'!AH$2 + 1)/'Résultats des tournois'!AH4) - (1 / (1 + 10^((AH$103 - lastVal)/400))))) ) ))"),"") | AJ4: =IFERROR(__xludf.DUMMYFUNCTION("IF('Résultats des tournois'!AI$2=0,"""",LET( lastVal, INDEX(FILTER($B4:AI4, ISNUMBER($B4:AI4)), COUNTA(FILTER($B4:AI4, ISNUMBER($B4:AI4)))), IFERROR( IF('Résultats des tournois'!AI4="""", INDEX(FILTER($C4:AI4, ISNUMBER($C4:AI4)), COUNTA(FILTER($C4:AI4, IS"&"NUMBER($C4:AI4)))), lastVal + 'K dynamique'!AI4 * ((SQRT('Résultats des tournois'!AI$2 + 1)/'Résultats des tournois'!AI4) - (1 / (1 + 10^((AI$103 - lastVal)/400))))) ) ))"),"") | AK4: =IFERROR(__xludf.DUMMYFUNCTION("IF('Résultats des tournois'!AJ$2=0,"""",LET( lastVal, INDEX(FILTER($B4:AJ4, ISNUMBER($B4:AJ4)), COUNTA(FILTER($B4:AJ4, ISNUMBER($B4:AJ4)))), IFERROR( IF('Résultats des tournois'!AJ4="""", INDEX(FILTER($C4:AJ4, ISNUMBER($C4:AJ4)), COUNTA(FILTER($C4:AJ4, IS"&"NUMBER($C4:AJ4)))), lastVal + 'K dynamique'!AJ4 * ((SQRT('Résultats des tournois'!AJ$2 + 1)/'Résultats des tournois'!AJ4) - (1 / (1 + 10^((AJ$103 - lastVal)/400))))) ) ))"),"") | AL4: =IFERROR(__xludf.DUMMYFUNCTION("IF('Résultats des tournois'!AK$2=0,"""",LET( lastVal, INDEX(FILTER($B4:AK4, ISNUMBER($B4:AK4)), COUNTA(FILTER($B4:AK4, ISNUMBER($B4:AK4)))), IFERROR( IF('Résultats des tournois'!AK4="""", INDEX(FILTER($C4:AK4, ISNUMBER($C4:AK4)), COUNTA(FILTER($C4:AK4, IS"&"NUMBER($C4:AK4)))), lastVal + 'K dynamique'!AK4 * ((SQRT('Résultats des tournois'!AK$2 + 1)/'Résultats des tournois'!AK4) - (1 / (1 + 10^((AK$103 - lastVal)/400))))) ) ))"),"") | AM4: =IFERROR(__xludf.DUMMYFUNCTION("IF('Résultats des tournois'!AL$2=0,"""",LET( lastVal, INDEX(FILTER($B4:AL4, ISNUMBER($B4:AL4)), COUNTA(FILTER($B4:AL4, ISNUMBER($B4:AL4)))), IFERROR( IF('Résultats des tournois'!AL4="""", INDEX(FILTER($C4:AL4, ISNUMBER($C4:AL4)), COUNTA(FILTER($C4:AL4, IS"&"NUMBER($C4:AL4)))), lastVal + 'K dynamique'!AL4 * ((SQRT('Résultats des tournois'!AL$2 + 1)/'Résultats des tournois'!AL4) - (1 / (1 + 10^((AL$103 - lastVal)/400))))) ) ))"),"") | AN4: =IFERROR(__xludf.DUMMYFUNCTION("IF('Résultats des tournois'!AM$2=0,"""",LET( lastVal, INDEX(FILTER($B4:AM4, ISNUMBER($B4:AM4)), COUNTA(FILTER($B4:AM4, ISNUMBER($B4:AM4)))), IFERROR( IF('Résultats des tournois'!AM4="""", INDEX(FILTER($C4:AM4, ISNUMBER($C4:AM4)), COUNTA(FILTER($C4:AM4, IS"&"NUMBER($C4:AM4)))), lastVal + 'K dynamique'!AM4 * ((SQRT('Résultats des tournois'!AM$2 + 1)/'Résultats des tournois'!AM4) - (1 / (1 + 10^((AM$103 - lastVal)/400))))) ) ))"),"") | AO4: =IFERROR(__xludf.DUMMYFUNCTION("IF('Résultats des tournois'!AN$2=0,"""",LET( lastVal, INDEX(FILTER($B4:AN4, ISNUMBER($B4:AN4)), COUNTA(FILTER($B4:AN4, ISNUMBER($B4:AN4)))), IFERROR( IF('Résultats des tournois'!AN4="""", INDEX(FILTER($C4:AN4, ISNUMBER($C4:AN4)), COUNTA(FILTER($C4:AN4, IS"&"NUMBER($C4:AN4)))), lastVal + 'K dynamique'!AN4 * ((SQRT('Résultats des tournois'!AN$2 + 1)/'Résultats des tournois'!AN4) - (1 / (1 + 10^((AN$103 - lastVal)/400))))) ) ))"),"") | AP4: =IFERROR(__xludf.DUMMYFUNCTION("IF('Résultats des tournois'!AO$2=0,"""",LET( lastVal, INDEX(FILTER($B4:AO4, ISNUMBER($B4:AO4)), COUNTA(FILTER($B4:AO4, ISNUMBER($B4:AO4)))), IFERROR( IF('Résultats des tournois'!AO4="""", INDEX(FILTER($C4:AO4, ISNUMBER($C4:AO4)), COUNTA(FILTER($C4:AO4, IS"&"NUMBER($C4:AO4)))), lastVal + 'K dynamique'!AO4 * ((SQRT('Résultats des tournois'!AO$2 + 1)/'Résultats des tournois'!AO4) - (1 / (1 + 10^((AO$103 - lastVal)/400))))) ) ))"),"") | AQ4: =IFERROR(__xludf.DUMMYFUNCTION("IF('Résultats des tournois'!AP$2=0,"""",LET( lastVal, INDEX(FILTER($B4:AP4, ISNUMBER($B4:AP4)), COUNTA(FILTER($B4:AP4, ISNUMBER($B4:AP4)))), IFERROR( IF('Résultats des tournois'!AP4="""", INDEX(FILTER($C4:AP4, ISNUMBER($C4:AP4)), COUNTA(FILTER($C4:AP4, IS"&"NUMBER($C4:AP4)))), lastVal + 'K dynamique'!AP4 * ((SQRT('Résultats des tournois'!AP$2 + 1)/'Résultats des tournois'!AP4) - (1 / (1 + 10^((AP$103 - lastVal)/400))))) ) ))"),"") | AR4: =IFERROR(__xludf.DUMMYFUNCTION("IF('Résultats des tournois'!AQ$2=0,"""",LET( lastVal, INDEX(FILTER($B4:AQ4, ISNUMBER($B4:AQ4)), COUNTA(FILTER($B4:AQ4, ISNUMBER($B4:AQ4)))), IFERROR( IF('Résultats des tournois'!AQ4="""", INDEX(FILTER($C4:AQ4, ISNUMBER($C4:AQ4)), COUNTA(FILTER($C4:AQ4, IS"&"NUMBER($C4:AQ4)))), lastVal + 'K dynamique'!AQ4 * ((SQRT('Résultats des tournois'!AQ$2 + 1)/'Résultats des tournois'!AQ4) - (1 / (1 + 10^((AQ$103 - lastVal)/400))))) ) ))"),"") | AS4: =IFERROR(__xludf.DUMMYFUNCTION("IF('Résultats des tournois'!AR$2=0,"""",LET( lastVal, INDEX(FILTER($B4:AR4, ISNUMBER($B4:AR4)), COUNTA(FILTER($B4:AR4, ISNUMBER($B4:AR4)))), IFERROR( IF('Résultats des tournois'!AR4="""", INDEX(FILTER($C4:AR4, ISNUMBER($C4:AR4)), COUNTA(FILTER($C4:AR4, IS"&"NUMBER($C4:AR4)))), lastVal + 'K dynamique'!AR4 * ((SQRT('Résultats des tournois'!AR$2 + 1)/'Résultats des tournois'!AR4) - (1 / (1 + 10^((AR$103 - lastVal)/400))))) ) ))"),"") | AT4: =IFERROR(__xludf.DUMMYFUNCTION("IF('Résultats des tournois'!AS$2=0,"""",LET( lastVal, INDEX(FILTER($B4:AS4, ISNUMBER($B4:AS4)), COUNTA(FILTER($B4:AS4, ISNUMBER($B4:AS4)))), IFERROR( IF('Résultats des tournois'!AS4="""", INDEX(FILTER($C4:AS4, ISNUMBER($C4:AS4)), COUNTA(FILTER($C4:AS4, IS"&"NUMBER($C4:AS4)))), lastVal + 'K dynamique'!AS4 * ((SQRT('Résultats des tournois'!AS$2 + 1)/'Résultats des tournois'!AS4) - (1 / (1 + 10^((AS$103 - lastVal)/400))))) ) ))"),"") | AU4: =IFERROR(__xludf.DUMMYFUNCTION("IF('Résultats des tournois'!AT$2=0,"""",LET( lastVal, INDEX(FILTER($B4:AT4, ISNUMBER($B4:AT4)), COUNTA(FILTER($B4:AT4, ISNUMBER($B4:AT4)))), IFERROR( IF('Résultats des tournois'!AT4="""", INDEX(FILTER($C4:AT4, ISNUMBER($C4:AT4)), COUNTA(FILTER($C4:AT4, IS"&"NUMBER($C4:AT4)))), lastVal + 'K dynamique'!AT4 * ((SQRT('Résultats des tournois'!AT$2 + 1)/'Résultats des tournois'!AT4) - (1 / (1 + 10^((AT$103 - lastVal)/400))))) ) ))"),"") | AV4: =IFERROR(__xludf.DUMMYFUNCTION("IF('Résultats des tournois'!AU$2=0,"""",LET( lastVal, INDEX(FILTER($B4:AU4, ISNUMBER($B4:AU4)), COUNTA(FILTER($B4:AU4, ISNUMBER($B4:AU4)))), IFERROR( IF('Résultats des tournois'!AU4="""", INDEX(FILTER($C4:AU4, ISNUMBER($C4:AU4)), COUNTA(FILTER($C4:AU4, IS"&"NUMBER($C4:AU4)))), lastVal + 'K dynamique'!AU4 * ((SQRT('Résultats des tournois'!AU$2 + 1)/'Résultats des tournois'!AU4) - (1 / (1 + 10^((AU$103 - lastVal)/400))))) ) ))"),"") | AW4: =IFERROR(__xludf.DUMMYFUNCTION("IF('Résultats des tournois'!AV$2=0,"""",LET( lastVal, INDEX(FILTER($B4:AV4, ISNUMBER($B4:AV4)), COUNTA(FILTER($B4:AV4, ISNUMBER($B4:AV4)))), IFERROR( IF('Résultats des tournois'!AV4="""", INDEX(FILTER($C4:AV4, ISNUMBER($C4:AV4)), COUNTA(FILTER($C4:AV4, IS"&"NUMBER($C4:AV4)))), lastVal + 'K dynamique'!AV4 * ((SQRT('Résultats des tournois'!AV$2 + 1)/'Résultats des tournois'!AV4) - (1 / (1 + 10^((AV$103 - lastVal)/400))))) ) ))"),"") | AX4: =IFERROR(__xludf.DUMMYFUNCTION("IF('Résultats des tournois'!AW$2=0,"""",LET( lastVal, INDEX(FILTER($B4:AW4, ISNUMBER($B4:AW4)), COUNTA(FILTER($B4:AW4, ISNUMBER($B4:AW4)))), IFERROR( IF('Résultats des tournois'!AW4="""", INDEX(FILTER($C4:AW4, ISNUMBER($C4:AW4)), COUNTA(FILTER($C4:AW4, IS"&"NUMBER($C4:AW4)))), lastVal + 'K dynamique'!AW4 * ((SQRT('Résultats des tournois'!AW$2 + 1)/'Résultats des tournois'!AW4) - (1 / (1 + 10^((AW$103 - lastVal)/400))))) ) ))"),"") | AY4: =IFERROR(__xludf.DUMMYFUNCTION("IF('Résultats des tournois'!AX$2=0,"""",LET( lastVal, INDEX(FILTER($B4:AX4, ISNUMBER($B4:AX4)), COUNTA(FILTER($B4:AX4, ISNUMBER($B4:AX4)))), IFERROR( IF('Résultats des tournois'!AX4="""", INDEX(FILTER($C4:AX4, ISNUMBER($C4:AX4)), COUNTA(FILTER($C4:AX4, IS"&"NUMBER($C4:AX4)))), lastVal + 'K dynamique'!AX4 * ((SQRT('Résultats des tournois'!AX$2 + 1)/'Résultats des tournois'!AX4) - (1 / (1 + 10^((AX$103 - lastVal)/400))))) ) ))"),"") | AZ4: {=IF(MAX(($C4:AY4<>"")*COLUMN($C4:AY4))=0,"",INDEX($C4:AY4,1,MAX(($C4:AY4<>"")*COLUMN($C4:AY4))-COLUMN($C4)+1))} -> 1512.0971 | BA4: =IF(ISNUMBER(AZ4),RANK(AZ4,$AZ$4:$AZ$102,0),"") -> 17
A5: =IF('Résultats des tournois'!A5="","",'Résultats des tournois'!A5) -> Cat | B5: 1500 | C5: =IF('Résultats des tournois'!B5="","",B5+'K dynamique'!B5*((SQRT('Résultats des tournois'!B$2+1)/'Résultats des tournois'!B5)-(1/(1+10^((B5-B5)/400))))) | D5: =IFERROR(__xludf.DUMMYFUNCTION("IF('Résultats des tournois'!C$2=0,"""",LET( lastVal, INDEX(FILTER($B5:C5, ISNUMBER($B5:C5)), COUNTA(FILTER($B5:C5, ISNUMBER($B5:C5)))), IFERROR( IF('Résultats des tournois'!C5="""", INDEX(FILTER($C5:C5, ISNUMBER($C5:C5)), COUNTA(FILTER($C5:C5, ISNUMBER($C"&"5:C5)))), lastVal + 'K dynamique'!C5 * ((SQRT('Résultats des tournois'!C$2 + 1)/'Résultats des tournois'!C5) - (1 / (1 + 10^((C$103 - lastVal)/400))))) ) ))"),"") | E5: =IFERROR(__xludf.DUMMYFUNCTION("IF('Résultats des tournois'!D$2=0,"""",LET( lastVal, INDEX(FILTER($B5:D5, ISNUMBER($B5:D5)), COUNTA(FILTER($B5:D5, ISNUMBER($B5:D5)))), IFERROR( IF('Résultats des tournois'!D5="""", INDEX(FILTER($C5:D5, ISNUMBER($C5:D5)), COUNTA(FILTER($C5:D5, ISNUMBER($C"&"5:D5)))), lastVal + 'K dynamique'!D5 * ((SQRT('Résultats des tournois'!D$2 + 1)/'Résultats des tournois'!D5) - (1 / (1 + 10^((D$103 - lastVal)/400))))) ) ))"),1498.8604055768787) -> 1498.8604 | F5: =IFERROR(__xludf.DUMMYFUNCTION("IF('Résultats des tournois'!E$2=0,"""",LET( lastVal, INDEX(FILTER($B5:E5, ISNUMBER($B5:E5)), COUNTA(FILTER($B5:E5, ISNUMBER($B5:E5)))), IFERROR( IF('Résultats des tournois'!E5="""", INDEX(FILTER($C5:E5, ISNUMBER($C5:E5)), COUNTA(FILTER($C5:E5, ISNUMBER($C"&"5:E5)))), lastVal + 'K dynamique'!E5 * ((SQRT('Résultats des tournois'!E$2 + 1)/'Résultats des tournois'!E5) - (1 / (1 + 10^((E$103 - lastVal)/400))))) ) ))"),1512.0932433680416) -> 1512.0932 | G5: =IFERROR(__xludf.DUMMYFUNCTION("IF('Résultats des tournois'!F$2=0,"""",LET( lastVal, INDEX(FILTER($B5:F5, ISNUMBER($B5:F5)), COUNTA(FILTER($B5:F5, ISNUMBER($B5:F5)))), IFERROR( IF('Résultats des tournois'!F5="""", INDEX(FILTER($C5:F5, ISNUMBER($C5:F5)), COUNTA(FILTER($C5:F5, ISNUMBER($C"&"5:F5)))), lastVal + 'K dynamique'!F5 * ((SQRT('Résultats des tournois'!F$2 + 1)/'Résultats des tournois'!F5) - (1 / (1 + 10^((F$103 - lastVal)/400))))) ) ))"),1516.67817341469) -> 1516.6782 | H5: =IFERROR(__xludf.DUMMYFUNCTION("IF('Résultats des tournois'!G$2=0,"""",LET( lastVal, INDEX(FILTER($B5:G5, ISNUMBER($B5:G5)), COUNTA(FILTER($B5:G5, ISNUMBER($B5:G5)))), IFERROR( IF('Résultats des tournois'!G5="""", INDEX(FILTER($C5:G5, ISNUMBER($C5:G5)), COUNTA(FILTER($C5:G5, ISNUMBER($C"&"5:G5)))), lastVal + 'K dynamique'!G5 * ((SQRT('Résultats des tournois'!G$2 + 1)/'Résultats des tournois'!G5) - (1 / (1 + 10^((G$103 - lastVal)/400))))) ) ))"),1516.67817341469) -> 1516.6782 | I5: =IFERROR(__xludf.DUMMYFUNCTION("IF('Résultats des tournois'!H$2=0,"""",LET( lastVal, INDEX(FILTER($B5:H5, ISNUMBER($B5:H5)), COUNTA(FILTER($B5:H5, ISNUMBER($B5:H5)))), IFERROR( IF('Résultats des tournois'!H5="""", INDEX(FILTER($C5:H5, ISNUMBER($C5:H5)), COUNTA(FILTER($C5:H5, ISNUMBER($C"&"5:H5)))), lastVal + 'K dynamique'!H5 * ((SQRT('Résultats des tournois'!H$2 + 1)/'Résultats des tournois'!H5) - (1 / (1 + 10^((H$103 - lastVal)/400))))) ) ))"),1568.1023760682106) -> 1568.1024 | J5: =IFERROR(__xludf.DUMMYFUNCTION("IF('Résultats des tournois'!I$2=0,"""",LET( lastVal, INDEX(FILTER($B5:I5, ISNUMBER($B5:I5)), COUNTA(FILTER($B5:I5, ISNUMBER($B5:I5)))), IFERROR( IF('Résultats des tournois'!I5="""", INDEX(FILTER($C5:I5, ISNUMBER($C5:I5)), COUNTA(FILTER($C5:I5, ISNUMBER($C"&"5:I5)))), lastVal + 'K dynamique'!I5 * ((SQRT('Résultats des tournois'!I$2 + 1)/'Résultats des tournois'!I5) - (1 / (1 + 10^((I$103 - lastVal)/400))))) ) ))"),1564.8259128457182) -> 1564.8259 | K5: =IFERROR(__xludf.DUMMYFUNCTION("IF('Résultats des tournois'!J$2=0,"""",LET( lastVal, INDEX(FILTER($B5:J5, ISNUMBER($B5:J5)), COUNTA(FILTER($B5:J5, ISNUMBER($B5:J5)))), IFERROR( IF('Résultats des tournois'!J5="""", INDEX(FILTER($C5:J5, ISNUMBER($C5:J5)), COUNTA(FILTER($C5:J5, ISNUMBER($C"&"5:J5)))), lastVal + 'K dynamique'!J5 * ((SQRT('Résultats des tournois'!J$2 + 1)/'Résultats des tournois'!J5) - (1 / (1 + 10^((J$103 - lastVal)/400))))) ) ))"),1561.4392819605125) -> 1561.4393 | L5: =IFERROR(__xludf.DUMMYFUNCTION("IF('Résultats des tournois'!K$2=0,"""",LET( lastVal, INDEX(FILTER($B5:K5, ISNUMBER($B5:K5)), COUNTA(FILTER($B5:K5, ISNUMBER($B5:K5)))), IFERROR( IF('Résultats des tournois'!K5="""", INDEX(FILTER($C5:K5, ISNUMBER($C5:K5)), COUNTA(FILTER($C5:K5, ISNUMBER($C"&"5:K5)))), lastVal + 'K dynamique'!K5 * ((SQRT('Résultats des tournois'!K$2 + 1)/'Résultats des tournois'!K5) - (1 / (1 + 10^((K$103 - lastVal)/400))))) ) ))"),1556.581147242624) -> 1556.5811 | M5: =IFERROR(__xludf.DUMMYFUNCTION("IF('Résultats des tournois'!L$2=0,"""",LET( lastVal, INDEX(FILTER($B5:L5, ISNUMBER($B5:L5)), COUNTA(FILTER($B5:L5, ISNUMBER($B5:L5)))), IFERROR( IF('Résultats des tournois'!L5="""", INDEX(FILTER($C5:L5, ISNUMBER($C5:L5)), COUNTA(FILTER($C5:L5, ISNUMBER($C"&"5:L5)))), lastVal + 'K dynamique'!L5 * ((SQRT('Résultats des tournois'!L$2 + 1)/'Résultats des tournois'!L5) - (1 / (1 + 10^((L$103 - lastVal)/400))))) ) ))"),1572.8679639456602) -> 1572.868 | N5: =IFERROR(__xludf.DUMMYFUNCTION("IF('Résultats des tournois'!M$2=0,"""",LET( lastVal, INDEX(FILTER($B5:M5, ISNUMBER($B5:M5)), COUNTA(FILTER($B5:M5, ISNUMBER($B5:M5)))), IFERROR( IF('Résultats des tournois'!M5="""", INDEX(FILTER($C5:M5, ISNUMBER($C5:M5)), COUNTA(FILTER($C5:M5, ISNUMBER($C"&"5:M5)))), lastVal + 'K dynamique'!M5 * ((SQRT('Résultats des tournois'!M$2 + 1)/'Résultats des tournois'!M5) - (1 / (1 + 10^((M$103 - lastVal)/400))))) ) ))"),"") | O5: =IFERROR(__xludf.DUMMYFUNCTION("IF('Résultats des tournois'!N$2=0,"""",LET( lastVal, INDEX(FILTER($B5:N5, ISNUMBER($B5:N5)), COUNTA(FILTER($B5:N5, ISNUMBER($B5:N5)))), IFERROR( IF('Résultats des tournois'!N5="""", INDEX(FILTER($C5:N5, ISNUMBER($C5:N5)), COUNTA(FILTER($C5:N5, ISNUMBER($C"&"5:N5)))), lastVal + 'K dynamique'!N5 * ((SQRT('Résultats des tournois'!N$2 + 1)/'Résultats des tournois'!N5) - (1 / (1 + 10^((N$103 - lastVal)/400))))) ) ))"),"") | P5: =IFERROR(__xludf.DUMMYFUNCTION("IF('Résultats des tournois'!O$2=0,"""",LET( lastVal, INDEX(FILTER($B5:O5, ISNUMBER($B5:O5)), COUNTA(FILTER($B5:O5, ISNUMBER($B5:O5)))), IFERROR( IF('Résultats des tournois'!O5="""", INDEX(FILTER($C5:O5, ISNUMBER($C5:O5)), COUNTA(FILTER($C5:O5, ISNUMBER($C"&"5:O5)))), lastVal + 'K dynamique'!O5 * ((SQRT('Résultats des tournois'!O$2 + 1)/'Résultats des tournois'!O5) - (1 / (1 + 10^((O$103 - lastVal)/400))))) ) ))"),"") | Q5: =IFERROR(__xludf.DUMMYFUNCTION("IF('Résultats des tournois'!P$2=0,"""",LET( lastVal, INDEX(FILTER($B5:P5, ISNUMBER($B5:P5)), COUNTA(FILTER($B5:P5, ISNUMBER($B5:P5)))), IFERROR( IF('Résultats des tournois'!P5="""", INDEX(FILTER($C5:P5, ISNUMBER($C5:P5)), COUNTA(FILTER($C5:P5, ISNUMBER($C"&"5:P5)))), lastVal + 'K dynamique'!P5 * ((SQRT('Résultats des tournois'!P$2 + 1)/'Résultats des tournois'!P5) - (1 / (1 + 10^((P$103 - lastVal)/400))))) ) ))"),"") | R5: =IFERROR(__xludf.DUMMYFUNCTION("IF('Résultats des tournois'!Q$2=0,"""",LET( lastVal, INDEX(FILTER($B5:Q5, ISNUMBER($B5:Q5)), COUNTA(FILTER($B5:Q5, ISNUMBER($B5:Q5)))), IFERROR( IF('Résultats des tournois'!Q5="""", INDEX(FILTER($C5:Q5, ISNUMBER($C5:Q5)), COUNTA(FILTER($C5:Q5, ISNUMBER($C"&"5:Q5)))), lastVal + 'K dynamique'!Q5 * ((SQRT('Résultats des tournois'!Q$2 + 1)/'Résultats des tournois'!Q5) - (1 / (1 + 10^((Q$103 - lastVal)/400))))) ) ))"),"") | S5: =IFERROR(__xludf.DUMMYFUNCTION("IF('Résultats des tournois'!R$2=0,"""",LET( lastVal, INDEX(FILTER($B5:R5, ISNUMBER($B5:R5)), COUNTA(FILTER($B5:R5, ISNUMBER($B5:R5)))), IFERROR( IF('Résultats des tournois'!R5="""", INDEX(FILTER($C5:R5, ISNUMBER($C5:R5)), COUNTA(FILTER($C5:R5, ISNUMBER($C"&"5:R5)))), lastVal + 'K dynamique'!R5 * ((SQRT('Résultats des tournois'!R$2 + 1)/'Résultats des tournois'!R5) - (1 / (1 + 10^((R$103 - lastVal)/400))))) ) ))"),"") | T5: =IFERROR(__xludf.DUMMYFUNCTION("IF('Résultats des tournois'!S$2=0,"""",LET( lastVal, INDEX(FILTER($B5:S5, ISNUMBER($B5:S5)), COUNTA(FILTER($B5:S5, ISNUMBER($B5:S5)))), IFERROR( IF('Résultats des tournois'!S5="""", INDEX(FILTER($C5:S5, ISNUMBER($C5:S5)), COUNTA(FILTER($C5:S5, ISNUMBER($C"&"5:S5)))), lastVal + 'K dynamique'!S5 * ((SQRT('Résultats des tournois'!S$2 + 1)/'Résultats des tournois'!S5) - (1 / (1 + 10^((S$103 - lastVal)/400))))) ) ))"),"") | U5: =IFERROR(__xludf.DUMMYFUNCTION("IF('Résultats des tournois'!T$2=0,"""",LET( lastVal, INDEX(FILTER($B5:T5, ISNUMBER($B5:T5)), COUNTA(FILTER($B5:T5, ISNUMBER($B5:T5)))), IFERROR( IF('Résultats des tournois'!T5="""", INDEX(FILTER($C5:T5, ISNUMBER($C5:T5)), COUNTA(FILTER($C5:T5, ISNUMBER($C"&"5:T5)))), lastVal + 'K dynamique'!T5 * ((SQRT('Résultats des tournois'!T$2 + 1)/'Résultats des tournois'!T5) - (1 / (1 + 10^((T$103 - lastVal)/400))))) ) ))"),"") | V5: =IFERROR(__xludf.DUMMYFUNCTION("IF('Résultats des tournois'!U$2=0,"""",LET( lastVal, INDEX(FILTER($B5:U5, ISNUMBER($B5:U5)), COUNTA(FILTER($B5:U5, ISNUMBER($B5:U5)))), IFERROR( IF('Résultats des tournois'!U5="""", INDEX(FILTER($C5:U5, ISNUMBER($C5:U5)), COUNTA(FILTER($C5:U5, ISNUMBER($C"&"5:U5)))), lastVal + 'K dynamique'!U5 * ((SQRT('Résultats des tournois'!U$2 + 1)/'Résultats des tournois'!U5) - (1 / (1 + 10^((U$103 - lastVal)/400))))) ) ))"),"") | W5: =IFERROR(__xludf.DUMMYFUNCTION("IF('Résultats des tournois'!V$2=0,"""",LET( lastVal, INDEX(FILTER($B5:V5, ISNUMBER($B5:V5)), COUNTA(FILTER($B5:V5, ISNUMBER($B5:V5)))), IFERROR( IF('Résultats des tournois'!V5="""", INDEX(FILTER($C5:V5, ISNUMBER($C5:V5)), COUNTA(FILTER($C5:V5, ISNUMBER($C"&"5:V5)))), lastVal + 'K dynamique'!V5 * ((SQRT('Résultats des tournois'!V$2 + 1)/'Résultats des tournois'!V5) - (1 / (1 + 10^((V$103 - lastVal)/400))))) ) ))"),"") | X5: =IFERROR(__xludf.DUMMYFUNCTION("IF('Résultats des tournois'!W$2=0,"""",LET( lastVal, INDEX(FILTER($B5:W5, ISNUMBER($B5:W5)), COUNTA(FILTER($B5:W5, ISNUMBER($B5:W5)))), IFERROR( IF('Résultats des tournois'!W5="""", INDEX(FILTER($C5:W5, ISNUMBER($C5:W5)), COUNTA(FILTER($C5:W5, ISNUMBER($C"&"5:W5)))), lastVal + 'K dynamique'!W5 * ((SQRT('Résultats des tournois'!W$2 + 1)/'Résultats des tournois'!W5) - (1 / (1 + 10^((W$103 - lastVal)/400))))) ) ))"),"") | Y5: =IFERROR(__xludf.DUMMYFUNCTION("IF('Résultats des tournois'!X$2=0,"""",LET( lastVal, INDEX(FILTER($B5:X5, ISNUMBER($B5:X5)), COUNTA(FILTER($B5:X5, ISNUMBER($B5:X5)))), IFERROR( IF('Résultats des tournois'!X5="""", INDEX(FILTER($C5:X5, ISNUMBER($C5:X5)), COUNTA(FILTER($C5:X5, ISNUMBER($C"&"5:X5)))), lastVal + 'K dynamique'!X5 * ((SQRT('Résultats des tournois'!X$2 + 1)/'Résultats des tournois'!X5) - (1 / (1 + 10^((X$103 - lastVal)/400))))) ) ))"),"") | Z5: =IFERROR(__xludf.DUMMYFUNCTION("IF('Résultats des tournois'!Y$2=0,"""",LET( lastVal, INDEX(FILTER($B5:Y5, ISNUMBER($B5:Y5)), COUNTA(FILTER($B5:Y5, ISNUMBER($B5:Y5)))), IFERROR( IF('Résultats des tournois'!Y5="""", INDEX(FILTER($C5:Y5, ISNUMBER($C5:Y5)), COUNTA(FILTER($C5:Y5, ISNUMBER($C"&"5:Y5)))), lastVal + 'K dynamique'!Y5 * ((SQRT('Résultats des tournois'!Y$2 + 1)/'Résultats des tournois'!Y5) - (1 / (1 + 10^((Y$103 - lastVal)/400))))) ) ))"),"") | AA5: =IFERROR(__xludf.DUMMYFUNCTION("IF('Résultats des tournois'!Z$2=0,"""",LET( lastVal, INDEX(FILTER($B5:Z5, ISNUMBER($B5:Z5)), COUNTA(FILTER($B5:Z5, ISNUMBER($B5:Z5)))), IFERROR( IF('Résultats des tournois'!Z5="""", INDEX(FILTER($C5:Z5, ISNUMBER($C5:Z5)), COUNTA(FILTER($C5:Z5, ISNUMBER($C"&"5:Z5)))), lastVal + 'K dynamique'!Z5 * ((SQRT('Résultats des tournois'!Z$2 + 1)/'Résultats des tournois'!Z5) - (1 / (1 + 10^((Z$103 - lastVal)/400))))) ) ))"),"") | AB5: =IFERROR(__xludf.DUMMYFUNCTION("IF('Résultats des tournois'!AA$2=0,"""",LET( lastVal, INDEX(FILTER($B5:AA5, ISNUMBER($B5:AA5)), COUNTA(FILTER($B5:AA5, ISNUMBER($B5:AA5)))), IFERROR( IF('Résultats des tournois'!AA5="""", INDEX(FILTER($C5:AA5, ISNUMBER($C5:AA5)), COUNTA(FILTER($C5:AA5, IS"&"NUMBER($C5:AA5)))), lastVal + 'K dynamique'!AA5 * ((SQRT('Résultats des tournois'!AA$2 + 1)/'Résultats des tournois'!AA5) - (1 / (1 + 10^((AA$103 - lastVal)/400))))) ) ))"),"") | AC5: =IFERROR(__xludf.DUMMYFUNCTION("IF('Résultats des tournois'!AB$2=0,"""",LET( lastVal, INDEX(FILTER($B5:AB5, ISNUMBER($B5:AB5)), COUNTA(FILTER($B5:AB5, ISNUMBER($B5:AB5)))), IFERROR( IF('Résultats des tournois'!AB5="""", INDEX(FILTER($C5:AB5, ISNUMBER($C5:AB5)), COUNTA(FILTER($C5:AB5, IS"&"NUMBER($C5:AB5)))), lastVal + 'K dynamique'!AB5 * ((SQRT('Résultats des tournois'!AB$2 + 1)/'Résultats des tournois'!AB5) - (1 / (1 + 10^((AB$103 - lastVal)/400))))) ) ))"),"") | AD5: =IFERROR(__xludf.DUMMYFUNCTION("IF('Résultats des tournois'!AC$2=0,"""",LET( lastVal, INDEX(FILTER($B5:AC5, ISNUMBER($B5:AC5)), COUNTA(FILTER($B5:AC5, ISNUMBER($B5:AC5)))), IFERROR( IF('Résultats des tournois'!AC5="""", INDEX(FILTER($C5:AC5, ISNUMBER($C5:AC5)), COUNTA(FILTER($C5:AC5, IS"&"NUMBER($C5:AC5)))), lastVal + 'K dynamique'!AC5 * ((SQRT('Résultats des tournois'!AC$2 + 1)/'Résultats des tournois'!AC5) - (1 / (1 + 10^((AC$103 - lastVal)/400))))) ) ))"),"") | AE5: =IFERROR(__xludf.DUMMYFUNCTION("IF('Résultats des tournois'!AD$2=0,"""",LET( lastVal, INDEX(FILTER($B5:AD5, ISNUMBER($B5:AD5)), COUNTA(FILTER($B5:AD5, ISNUMBER($B5:AD5)))), IFERROR( IF('Résultats des tournois'!AD5="""", INDEX(FILTER($C5:AD5, ISNUMBER($C5:AD5)), COUNTA(FILTER($C5:AD5, IS"&"NUMBER($C5:AD5)))), lastVal + 'K dynamique'!AD5 * ((SQRT('Résultats des tournois'!AD$2 + 1)/'Résultats des tournois'!AD5) - (1 / (1 + 10^((AD$103 - lastVal)/400))))) ) ))"),"") | AF5: =IFERROR(__xludf.DUMMYFUNCTION("IF('Résultats des tournois'!AE$2=0,"""",LET( lastVal, INDEX(FILTER($B5:AE5, ISNUMBER($B5:AE5)), COUNTA(FILTER($B5:AE5, ISNUMBER($B5:AE5)))), IFERROR( IF('Résultats des tournois'!AE5="""", INDEX(FILTER($C5:AE5, ISNUMBER($C5:AE5)), COUNTA(FILTER($C5:AE5, IS"&"NUMBER($C5:AE5)))), lastVal + 'K dynamique'!AE5 * ((SQRT('Résultats des tournois'!AE$2 + 1)/'Résultats des tournois'!AE5) - (1 / (1 + 10^((AE$103 - lastVal)/400))))) ) ))"),"") | AG5: =IFERROR(__xludf.DUMMYFUNCTION("IF('Résultats des tournois'!AF$2=0,"""",LET( lastVal, INDEX(FILTER($B5:AF5, ISNUMBER($B5:AF5)), COUNTA(FILTER($B5:AF5, ISNUMBER($B5:AF5)))), IFERROR( IF('Résultats des tournois'!AF5="""", INDEX(FILTER($C5:AF5, ISNUMBER($C5:AF5)), COUNTA(FILTER($C5:AF5, IS"&"NUMBER($C5:AF5)))), lastVal + 'K dynamique'!AF5 * ((SQRT('Résultats des tournois'!AF$2 + 1)/'Résultats des tournois'!AF5) - (1 / (1 + 10^((AF$103 - lastVal)/400))))) ) ))"),"") | AH5: =IFERROR(__xludf.DUMMYFUNCTION("IF('Résultats des tournois'!AG$2=0,"""",LET( lastVal, INDEX(FILTER($B5:AG5, ISNUMBER($B5:AG5)), COUNTA(FILTER($B5:AG5, ISNUMBER($B5:AG5)))), IFERROR( IF('Résultats des tournois'!AG5="""", INDEX(FILTER($C5:AG5, ISNUMBER($C5:AG5)), COUNTA(FILTER($C5:AG5, IS"&"NUMBER($C5:AG5)))), lastVal + 'K dynamique'!AG5 * ((SQRT('Résultats des tournois'!AG$2 + 1)/'Résultats des tournois'!AG5) - (1 / (1 + 10^((AG$103 - lastVal)/400))))) ) ))"),"") | AI5: =IFERROR(__xludf.DUMMYFUNCTION("IF('Résultats des tournois'!AH$2=0,"""",LET( lastVal, INDEX(FILTER($B5:AH5, ISNUMBER($B5:AH5)), COUNTA(FILTER($B5:AH5, ISNUMBER($B5:AH5)))), IFERROR( IF('Résultats des tournois'!AH5="""", INDEX(FILTER($C5:AH5, ISNUMBER($C5:AH5)), COUNTA(FILTER($C5:AH5, IS"&"NUMBER($C5:AH5)))), lastVal + 'K dynamique'!AH5 * ((SQRT('Résultats des tournois'!AH$2 + 1)/'Résultats des tournois'!AH5) - (1 / (1 + 10^((AH$103 - lastVal)/400))))) ) ))"),"") | AJ5: =IFERROR(__xludf.DUMMYFUNCTION("IF('Résultats des tournois'!AI$2=0,"""",LET( lastVal, INDEX(FILTER($B5:AI5, ISNUMBER($B5:AI5)), COUNTA(FILTER($B5:AI5, ISNUMBER($B5:AI5)))), IFERROR( IF('Résultats des tournois'!AI5="""", INDEX(FILTER($C5:AI5, ISNUMBER($C5:AI5)), COUNTA(FILTER($C5:AI5, IS"&"NUMBER($C5:AI5)))), lastVal + 'K dynamique'!AI5 * ((SQRT('Résultats des tournois'!AI$2 + 1)/'Résultats des tournois'!AI5) - (1 / (1 + 10^((AI$103 - lastVal)/400))))) ) ))"),"") | AK5: =IFERROR(__xludf.DUMMYFUNCTION("IF('Résultats des tournois'!AJ$2=0,"""",LET( lastVal, INDEX(FILTER($B5:AJ5, ISNUMBER($B5:AJ5)), COUNTA(FILTER($B5:AJ5, ISNUMBER($B5:AJ5)))), IFERROR( IF('Résultats des tournois'!AJ5="""", INDEX(FILTER($C5:AJ5, ISNUMBER($C5:AJ5)), COUNTA(FILTER($C5:AJ5, IS"&"NUMBER($C5:AJ5)))), lastVal + 'K dynamique'!AJ5 * ((SQRT('Résultats des tournois'!AJ$2 + 1)/'Résultats des tournois'!AJ5) - (1 / (1 + 10^((AJ$103 - lastVal)/400))))) ) ))"),"") | AL5: =IFERROR(__xludf.DUMMYFUNCTION("IF('Résultats des tournois'!AK$2=0,"""",LET( lastVal, INDEX(FILTER($B5:AK5, ISNUMBER($B5:AK5)), COUNTA(FILTER($B5:AK5, ISNUMBER($B5:AK5)))), IFERROR( IF('Résultats des tournois'!AK5="""", INDEX(FILTER($C5:AK5, ISNUMBER($C5:AK5)), COUNTA(FILTER($C5:AK5, IS"&"NUMBER($C5:AK5)))), lastVal + 'K dynamique'!AK5 * ((SQRT('Résultats des tournois'!AK$2 + 1)/'Résultats des tournois'!AK5) - (1 / (1 + 10^((AK$103 - lastVal)/400))))) ) ))"),"") | AM5: =IFERROR(__xludf.DUMMYFUNCTION("IF('Résultats des tournois'!AL$2=0,"""",LET( lastVal, INDEX(FILTER($B5:AL5, ISNUMBER($B5:AL5)), COUNTA(FILTER($B5:AL5, ISNUMBER($B5:AL5)))), IFERROR( IF('Résultats des tournois'!AL5="""", INDEX(FILTER($C5:AL5, ISNUMBER($C5:AL5)), COUNTA(FILTER($C5:AL5, IS"&"NUMBER($C5:AL5)))), lastVal + 'K dynamique'!AL5 * ((SQRT('Résultats des tournois'!AL$2 + 1)/'Résultats des tournois'!AL5) - (1 / (1 + 10^((AL$103 - lastVal)/400))))) ) ))"),"") | AN5: =IFERROR(__xludf.DUMMYFUNCTION("IF('Résultats des tournois'!AM$2=0,"""",LET( lastVal, INDEX(FILTER($B5:AM5, ISNUMBER($B5:AM5)), COUNTA(FILTER($B5:AM5, ISNUMBER($B5:AM5)))), IFERROR( IF('Résultats des tournois'!AM5="""", INDEX(FILTER($C5:AM5, ISNUMBER($C5:AM5)), COUNTA(FILTER($C5:AM5, IS"&"NUMBER($C5:AM5)))), lastVal + 'K dynamique'!AM5 * ((SQRT('Résultats des tournois'!AM$2 + 1)/'Résultats des tournois'!AM5) - (1 / (1 + 10^((AM$103 - lastVal)/400))))) ) ))"),"") | AO5: =IFERROR(__xludf.DUMMYFUNCTION("IF('Résultats des tournois'!AN$2=0,"""",LET( lastVal, INDEX(FILTER($B5:AN5, ISNUMBER($B5:AN5)), COUNTA(FILTER($B5:AN5, ISNUMBER($B5:AN5)))), IFERROR( IF('Résultats des tournois'!AN5="""", INDEX(FILTER($C5:AN5, ISNUMBER($C5:AN5)), COUNTA(FILTER($C5:AN5, IS"&"NUMBER($C5:AN5)))), lastVal + 'K dynamique'!AN5 * ((SQRT('Résultats des tournois'!AN$2 + 1)/'Résultats des tournois'!AN5) - (1 / (1 + 10^((AN$103 - lastVal)/400))))) ) ))"),"") | AP5: =IFERROR(__xludf.DUMMYFUNCTION("IF('Résultats des tournois'!AO$2=0,"""",LET( lastVal, INDEX(FILTER($B5:AO5, ISNUMBER($B5:AO5)), COUNTA(FILTER($B5:AO5, ISNUMBER($B5:AO5)))), IFERROR( IF('Résultats des tournois'!AO5="""", INDEX(FILTER($C5:AO5, ISNUMBER($C5:AO5)), COUNTA(FILTER($C5:AO5, IS"&"NUMBER($C5:AO5)))), lastVal + 'K dynamique'!AO5 * ((SQRT('Résultats des tournois'!AO$2 + 1)/'Résultats des tournois'!AO5) - (1 / (1 + 10^((AO$103 - lastVal)/400))))) ) ))"),"") | AQ5: =IFERROR(__xludf.DUMMYFUNCTION("IF('Résultats des tournois'!AP$2=0,"""",LET( lastVal, INDEX(FILTER($B5:AP5, ISNUMBER($B5:AP5)), COUNTA(FILTER($B5:AP5, ISNUMBER($B5:AP5)))), IFERROR( IF('Résultats des tournois'!AP5="""", INDEX(FILTER($C5:AP5, ISNUMBER($C5:AP5)), COUNTA(FILTER($C5:AP5, IS"&"NUMBER($C5:AP5)))), lastVal + 'K dynamique'!AP5 * ((SQRT('Résultats des tournois'!AP$2 + 1)/'Résultats des tournois'!AP5) - (1 / (1 + 10^((AP$103 - lastVal)/400))))) ) ))"),"") | AR5: =IFERROR(__xludf.DUMMYFUNCTION("IF('Résultats des tournois'!AQ$2=0,"""",LET( lastVal, INDEX(FILTER($B5:AQ5, ISNUMBER($B5:AQ5)), COUNTA(FILTER($B5:AQ5, ISNUMBER($B5:AQ5)))), IFERROR( IF('Résultats des tournois'!AQ5="""", INDEX(FILTER($C5:AQ5, ISNUMBER($C5:AQ5)), COUNTA(FILTER($C5:AQ5, IS"&"NUMBER($C5:AQ5)))), lastVal + 'K dynamique'!AQ5 * ((SQRT('Résultats des tournois'!AQ$2 + 1)/'Résultats des tournois'!AQ5) - (1 / (1 + 10^((AQ$103 - lastVal)/400))))) ) ))"),"") | AS5: =IFERROR(__xludf.DUMMYFUNCTION("IF('Résultats des tournois'!AR$2=0,"""",LET( lastVal, INDEX(FILTER($B5:AR5, ISNUMBER($B5:AR5)), COUNTA(FILTER($B5:AR5, ISNUMBER($B5:AR5)))), IFERROR( IF('Résultats des tournois'!AR5="""", INDEX(FILTER($C5:AR5, ISNUMBER($C5:AR5)), COUNTA(FILTER($C5:AR5, IS"&"NUMBER($C5:AR5)))), lastVal + 'K dynamique'!AR5 * ((SQRT('Résultats des tournois'!AR$2 + 1)/'Résultats des tournois'!AR5) - (1 / (1 + 10^((AR$103 - lastVal)/400))))) ) ))"),"") | AT5: =IFERROR(__xludf.DUMMYFUNCTION("IF('Résultats des tournois'!AS$2=0,"""",LET( lastVal, INDEX(FILTER($B5:AS5, ISNUMBER($B5:AS5)), COUNTA(FILTER($B5:AS5, ISNUMBER($B5:AS5)))), IFERROR( IF('Résultats des tournois'!AS5="""", INDEX(FILTER($C5:AS5, ISNUMBER($C5:AS5)), COUNTA(FILTER($C5:AS5, IS"&"NUMBER($C5:AS5)))), lastVal + 'K dynamique'!AS5 * ((SQRT('Résultats des tournois'!AS$2 + 1)/'Résultats des tournois'!AS5) - (1 / (1 + 10^((AS$103 - lastVal)/400))))) ) ))"),"") | AU5: =IFERROR(__xludf.DUMMYFUNCTION("IF('Résultats des tournois'!AT$2=0,"""",LET( lastVal, INDEX(FILTER($B5:AT5, ISNUMBER($B5:AT5)), COUNTA(FILTER($B5:AT5, ISNUMBER($B5:AT5)))), IFERROR( IF('Résultats des tournois'!AT5="""", INDEX(FILTER($C5:AT5, ISNUMBER($C5:AT5)), COUNTA(FILTER($C5:AT5, IS"&"NUMBER($C5:AT5)))), lastVal + 'K dynamique'!AT5 * ((SQRT('Résultats des tournois'!AT$2 + 1)/'Résultats des tournois'!AT5) - (1 / (1 + 10^((AT$103 - lastVal)/400))))) ) ))"),"") | AV5: =IFERROR(__xludf.DUMMYFUNCTION("IF('Résultats des tournois'!AU$2=0,"""",LET( lastVal, INDEX(FILTER($B5:AU5, ISNUMBER($B5:AU5)), COUNTA(FILTER($B5:AU5, ISNUMBER($B5:AU5)))), IFERROR( IF('Résultats des tournois'!AU5="""", INDEX(FILTER($C5:AU5, ISNUMBER($C5:AU5)), COUNTA(FILTER($C5:AU5, IS"&"NUMBER($C5:AU5)))), lastVal + 'K dynamique'!AU5 * ((SQRT('Résultats des tournois'!AU$2 + 1)/'Résultats des tournois'!AU5) - (1 / (1 + 10^((AU$103 - lastVal)/400))))) ) ))"),"") | AW5: =IFERROR(__xludf.DUMMYFUNCTION("IF('Résultats des tournois'!AV$2=0,"""",LET( lastVal, INDEX(FILTER($B5:AV5, ISNUMBER($B5:AV5)), COUNTA(FILTER($B5:AV5, ISNUMBER($B5:AV5)))), IFERROR( IF('Résultats des tournois'!AV5="""", INDEX(FILTER($C5:AV5, ISNUMBER($C5:AV5)), COUNTA(FILTER($C5:AV5, IS"&"NUMBER($C5:AV5)))), lastVal + 'K dynamique'!AV5 * ((SQRT('Résultats des tournois'!AV$2 + 1)/'Résultats des tournois'!AV5) - (1 / (1 + 10^((AV$103 - lastVal)/400))))) ) ))"),"") | AX5: =IFERROR(__xludf.DUMMYFUNCTION("IF('Résultats des tournois'!AW$2=0,"""",LET( lastVal, INDEX(FILTER($B5:AW5, ISNUMBER($B5:AW5)), COUNTA(FILTER($B5:AW5, ISNUMBER($B5:AW5)))), IFERROR( IF('Résultats des tournois'!AW5="""", INDEX(FILTER($C5:AW5, ISNUMBER($C5:AW5)), COUNTA(FILTER($C5:AW5, IS"&"NUMBER($C5:AW5)))), lastVal + 'K dynamique'!AW5 * ((SQRT('Résultats des tournois'!AW$2 + 1)/'Résultats des tournois'!AW5) - (1 / (1 + 10^((AW$103 - lastVal)/400))))) ) ))"),"") | AY5: =IFERROR(__xludf.DUMMYFUNCTION("IF('Résultats des tournois'!AX$2=0,"""",LET( lastVal, INDEX(FILTER($B5:AX5, ISNUMBER($B5:AX5)), COUNTA(FILTER($B5:AX5, ISNUMBER($B5:AX5)))), IFERROR( IF('Résultats des tournois'!AX5="""", INDEX(FILTER($C5:AX5, ISNUMBER($C5:AX5)), COUNTA(FILTER($C5:AX5, IS"&"NUMBER($C5:AX5)))), lastVal + 'K dynamique'!AX5 * ((SQRT('Résultats des tournois'!AX$2 + 1)/'Résultats des tournois'!AX5) - (1 / (1 + 10^((AX$103 - lastVal)/400))))) ) ))"),"") | AZ5: {=IF(MAX(($C5:AY5<>"")*COLUMN($C5:AY5))=0,"",INDEX($C5:AY5,1,MAX(($C5:AY5<>"")*COLUMN($C5:AY5))-COLUMN($C5)+1))} -> 1572.868 | BA5: =IF(ISNUMBER(AZ5),RANK(AZ5,$AZ$4:$AZ$102,0),"") -> 10
A6: =IF('Résultats des tournois'!A6="","",'Résultats des tournois'!A6) -> Gnaffron | B6: 1500 | C6: =IF('Résultats des tournois'!B6="","",B6+'K dynamique'!B6*((SQRT('Résultats des tournois'!B$2+1)/'Résultats des tournois'!B6)-(1/(1+10^((B6-B6)/400))))) -> 1501.1047 | D6: =IFERROR(__xludf.DUMMYFUNCTION("IF('Résultats des tournois'!C$2=0,"""",LET( lastVal, INDEX(FILTER($B6:C6, ISNUMBER($B6:C6)), COUNTA(FILTER($B6:C6, ISNUMBER($B6:C6)))), IFERROR( IF('Résultats des tournois'!C6="""", INDEX(FILTER($C6:C6, ISNUMBER($C6:C6)), COUNTA(FILTER($C6:C6, ISNUMBER($C"&"6:C6)))), lastVal + 'K dynamique'!C6 * ((SQRT('Résultats des tournois'!C$2 + 1)/'Résultats des tournois'!C6) - (1 / (1 + 10^((C$103 - lastVal)/400))))) ) ))"),1497.982437797332) -> 1497.9824 | E6: =IFERROR(__xludf.DUMMYFUNCTION("IF('Résultats des tournois'!D$2=0,"""",LET( lastVal, INDEX(FILTER($B6:D6, ISNUMBER($B6:D6)), COUNTA(FILTER($B6:D6, ISNUMBER($B6:D6)))), IFERROR( IF('Résultats des tournois'!D6="""", INDEX(FILTER($C6:D6, ISNUMBER($C6:D6)), COUNTA(FILTER($C6:D6, ISNUMBER($C"&"6:D6)))), lastVal + 'K dynamique'!D6 * ((SQRT('Résultats des tournois'!D$2 + 1)/'Résultats des tournois'!D6) - (1 / (1 + 10^((D$103 - lastVal)/400))))) ) ))"),1607.10014652234) -> 1607.1001 | F6: =IFERROR(__xludf.DUMMYFUNCTION("IF('Résultats des tournois'!E$2=0,"""",LET( lastVal, INDEX(FILTER($B6:E6, ISNUMBER($B6:E6)), COUNTA(FILTER($B6:E6, ISNUMBER($B6:E6)))), IFERROR( IF('Résultats des tournois'!E6="""", INDEX(FILTER($C6:E6, ISNUMBER($C6:E6)), COUNTA(FILTER($C6:E6, ISNUMBER($C"&"6:E6)))), lastVal + 'K dynamique'!E6 * ((SQRT('Résultats des tournois'!E$2 + 1)/'Résultats des tournois'!E6) - (1 / (1 + 10^((E$103 - lastVal)/400))))) ) ))"),1606.168298028076) -> 1606.1683 | G6: =IFERROR(__xludf.DUMMYFUNCTION("IF('Résultats des tournois'!F$2=0,"""",LET( lastVal, INDEX(FILTER($B6:F6, ISNUMBER($B6:F6)), COUNTA(FILTER($B6:F6, ISNUMBER($B6:F6)))), IFERROR( IF('Résultats des tournois'!F6="""", INDEX(FILTER($C6:F6, ISNUMBER($C6:F6)), COUNTA(FILTER($C6:F6, ISNUMBER($C"&"6:F6)))), lastVal + 'K dynamique'!F6 * ((SQRT('Résultats des tournois'!F$2 + 1)/'Résultats des tournois'!F6) - (1 / (1 + 10^((F$103 - lastVal)/400))))) ) ))"),1598.766099090976) -> 1598.7661 | H6: =IFERROR(__xludf.DUMMYFUNCTION("IF('Résultats des tournois'!G$2=0,"""",LET( lastVal, INDEX(FILTER($B6:G6, ISNUMBER($B6:G6)), COUNTA(FILTER($B6:G6, ISNUMBER($B6:G6)))), IFERROR( IF('Résultats des tournois'!G6="""", INDEX(FILTER($C6:G6, ISNUMBER($C6:G6)), COUNTA(FILTER($C6:G6, ISNUMBER($C"&"6:G6)))), lastVal + 'K dynamique'!G6 * ((SQRT('Résultats des tournois'!G$2 + 1)/'Résultats des tournois'!G6) - (1 / (1 + 10^((G$103 - lastVal)/400))))) ) ))"),1597.4113264029966) -> 1597.4113 | I6: =IFERROR(__xludf.DUMMYFUNCTION("IF('Résultats des tournois'!H$2=0,"""",LET( lastVal, INDEX(FILTER($B6:H6, ISNUMBER($B6:H6)), COUNTA(FILTER($B6:H6, ISNUMBER($B6:H6)))), IFERROR( IF('Résultats des tournois'!H6="""", INDEX(FILTER($C6:H6, ISNUMBER($C6:H6)), COUNTA(FILTER($C6:H6, ISNUMBER($C"&"6:H6)))), lastVal + 'K dynamique'!H6 * ((SQRT('Résultats des tournois'!H$2 + 1)/'Résultats des tournois'!H6) - (1 / (1 + 10^((H$103 - lastVal)/400))))) ) ))"),1590.7961616228577) -> 1590.7962 | J6: =IFERROR(__xludf.DUMMYFUNCTION("IF('Résultats des tournois'!I$2=0,"""",LET( lastVal, INDEX(FILTER($B6:I6, ISNUMBER($B6:I6)), COUNTA(FILTER($B6:I6, ISNUMBER($B6:I6)))), IFERROR( IF('Résultats des tournois'!I6="""", INDEX(FILTER($C6:I6, ISNUMBER($C6:I6)), COUNTA(FILTER($C6:I6, ISNUMBER($C"&"6:I6)))), lastVal + 'K dynamique'!I6 * ((SQRT('Résultats des tournois'!I$2 + 1)/'Résultats des tournois'!I6) - (1 / (1 + 10^((I$103 - lastVal)/400))))) ) ))"),1593.5286640400439) -> 1593.5287 | K6: =IFERROR(__xludf.DUMMYFUNCTION("IF('Résultats des tournois'!J$2=0,"""",LET( lastVal, INDEX(FILTER($B6:J6, ISNUMBER($B6:J6)), COUNTA(FILTER($B6:J6, ISNUMBER($B6:J6)))), IFERROR( IF('Résultats des tournois'!J6="""", INDEX(FILTER($C6:J6, ISNUMBER($C6:J6)), COUNTA(FILTER($C6:J6, ISNUMBER($C"&"6:J6)))), lastVal + 'K dynamique'!J6 * ((SQRT('Résultats des tournois'!J$2 + 1)/'Résultats des tournois'!J6) - (1 / (1 + 10^((J$103 - lastVal)/400))))) ) ))"),1612.4265140023047) -> 1612.4265 | L6: =IFERROR(__xludf.DUMMYFUNCTION("IF('Résultats des tournois'!K$2=0,"""",LET( lastVal, INDEX(FILTER($B6:K6, ISNUMBER($B6:K6)), COUNTA(FILTER($B6:K6, ISNUMBER($B6:K6)))), IFERROR( IF('Résultats des tournois'!K6="""", INDEX(FILTER($C6:K6, ISNUMBER($C6:K6)), COUNTA(FILTER($C6:K6, ISNUMBER($C"&"6:K6)))), lastVal + 'K dynamique'!K6 * ((SQRT('Résultats des tournois'!K$2 + 1)/'Résultats des tournois'!K6) - (1 / (1 + 10^((K$103 - lastVal)/400))))) ) ))"),1612.6719415857935) -> 1612.6719 | M6: =IFERROR(__xludf.DUMMYFUNCTION("IF('Résultats des tournois'!L$2=0,"""",LET( lastVal, INDEX(FILTER($B6:L6, ISNUMBER($B6:L6)), COUNTA(FILTER($B6:L6, ISNUMBER($B6:L6)))), IFERROR( IF('Résultats des tournois'!L6="""", INDEX(FILTER($C6:L6, ISNUMBER($C6:L6)), COUNTA(FILTER($C6:L6, ISNUMBER($C"&"6:L6)))), lastVal + 'K dynamique'!L6 * ((SQRT('Résultats des tournois'!L$2 + 1)/'Résultats des tournois'!L6) - (1 / (1 + 10^((L$103 - lastVal)/400))))) ) ))"),1640.8841253513551) -> 1640.8841 | N6: =IFERROR(__xludf.DUMMYFUNCTION("IF('Résultats des tournois'!M$2=0,"""",LET( lastVal, INDEX(FILTER($B6:M6, ISNUMBER($B6:M6)), COUNTA(FILTER($B6:M6, ISNUMBER($B6:M6)))), IFERROR( IF('Résultats des tournois'!M6="""", INDEX(FILTER($C6:M6, ISNUMBER($C6:M6)), COUNTA(FILTER($C6:M6, ISNUMBER($C"&"6:M6)))), lastVal + 'K dynamique'!M6 * ((SQRT('Résultats des tournois'!M$2 + 1)/'Résultats des tournois'!M6) - (1 / (1 + 10^((M$103 - lastVal)/400))))) ) ))"),"") | O6: =IFERROR(__xludf.DUMMYFUNCTION("IF('Résultats des tournois'!N$2=0,"""",LET( lastVal, INDEX(FILTER($B6:N6, ISNUMBER($B6:N6)), COUNTA(FILTER($B6:N6, ISNUMBER($B6:N6)))), IFERROR( IF('Résultats des tournois'!N6="""", INDEX(FILTER($C6:N6, ISNUMBER($C6:N6)), COUNTA(FILTER($C6:N6, ISNUMBER($C"&"6:N6)))), lastVal + 'K dynamique'!N6 * ((SQRT('Résultats des tournois'!N$2 + 1)/'Résultats des tournois'!N6) - (1 / (1 + 10^((N$103 - lastVal)/400))))) ) ))"),"") | P6: =IFERROR(__xludf.DUMMYFUNCTION("IF('Résultats des tournois'!O$2=0,"""",LET( lastVal, INDEX(FILTER($B6:O6, ISNUMBER($B6:O6)), COUNTA(FILTER($B6:O6, ISNUMBER($B6:O6)))), IFERROR( IF('Résultats des tournois'!O6="""", INDEX(FILTER($C6:O6, ISNUMBER($C6:O6)), COUNTA(FILTER($C6:O6, ISNUMBER($C"&"6:O6)))), lastVal + 'K dynamique'!O6 * ((SQRT('Résultats des tournois'!O$2 + 1)/'Résultats des tournois'!O6) - (1 / (1 + 10^((O$103 - lastVal)/400))))) ) ))"),"") | Q6: =IFERROR(__xludf.DUMMYFUNCTION("IF('Résultats des tournois'!P$2=0,"""",LET( lastVal, INDEX(FILTER($B6:P6, ISNUMBER($B6:P6)), COUNTA(FILTER($B6:P6, ISNUMBER($B6:P6)))), IFERROR( IF('Résultats des tournois'!P6="""", INDEX(FILTER($C6:P6, ISNUMBER($C6:P6)), COUNTA(FILTER($C6:P6, ISNUMBER($C"&"6:P6)))), lastVal + 'K dynamique'!P6 * ((SQRT('Résultats des tournois'!P$2 + 1)/'Résultats des tournois'!P6) - (1 / (1 + 10^((P$103 - lastVal)/400))))) ) ))"),"") | R6: =IFERROR(__xludf.DUMMYFUNCTION("IF('Résultats des tournois'!Q$2=0,"""",LET( lastVal, INDEX(FILTER($B6:Q6, ISNUMBER($B6:Q6)), COUNTA(FILTER($B6:Q6, ISNUMBER($B6:Q6)))), IFERROR( IF('Résultats des tournois'!Q6="""", INDEX(FILTER($C6:Q6, ISNUMBER($C6:Q6)), COUNTA(FILTER($C6:Q6, ISNUMBER($C"&"6:Q6)))), lastVal + 'K dynamique'!Q6 * ((SQRT('Résultats des tournois'!Q$2 + 1)/'Résultats des tournois'!Q6) - (1 / (1 + 10^((Q$103 - lastVal)/400))))) ) ))"),"") | S6: =IFERROR(__xludf.DUMMYFUNCTION("IF('Résultats des tournois'!R$2=0,"""",LET( lastVal, INDEX(FILTER($B6:R6, ISNUMBER($B6:R6)), COUNTA(FILTER($B6:R6, ISNUMBER($B6:R6)))), IFERROR( IF('Résultats des tournois'!R6="""", INDEX(FILTER($C6:R6, ISNUMBER($C6:R6)), COUNTA(FILTER($C6:R6, ISNUMBER($C"&"6:R6)))), lastVal + 'K dynamique'!R6 * ((SQRT('Résultats des tournois'!R$2 + 1)/'Résultats des tournois'!R6) - (1 / (1 + 10^((R$103 - lastVal)/400))))) ) ))"),"") | T6: =IFERROR(__xludf.DUMMYFUNCTION("IF('Résultats des tournois'!S$2=0,"""",LET( lastVal, INDEX(FILTER($B6:S6, ISNUMBER($B6:S6)), COUNTA(FILTER($B6:S6, ISNUMBER($B6:S6)))), IFERROR( IF('Résultats des tournois'!S6="""", INDEX(FILTER($C6:S6, ISNUMBER($C6:S6)), COUNTA(FILTER($C6:S6, ISNUMBER($C"&"6:S6)))), lastVal + 'K dynamique'!S6 * ((SQRT('Résultats des tournois'!S$2 + 1)/'Résultats des tournois'!S6) - (1 / (1 + 10^((S$103 - lastVal)/400))))) ) ))"),"") | U6: =IFERROR(__xludf.DUMMYFUNCTION("IF('Résultats des tournois'!T$2=0,"""",LET( lastVal, INDEX(FILTER($B6:T6, ISNUMBER($B6:T6)), COUNTA(FILTER($B6:T6, ISNUMBER($B6:T6)))), IFERROR( IF('Résultats des tournois'!T6="""", INDEX(FILTER($C6:T6, ISNUMBER($C6:T6)), COUNTA(FILTER($C6:T6, ISNUMBER($C"&"6:T6)))), lastVal + 'K dynamique'!T6 * ((SQRT('Résultats des tournois'!T$2 + 1)/'Résultats des tournois'!T6) - (1 / (1 + 10^((T$103 - lastVal)/400))))) ) ))"),"") | V6: =IFERROR(__xludf.DUMMYFUNCTION("IF('Résultats des tournois'!U$2=0,"""",LET( lastVal, INDEX(FILTER($B6:U6, ISNUMBER($B6:U6)), COUNTA(FILTER($B6:U6, ISNUMBER($B6:U6)))), IFERROR( IF('Résultats des tournois'!U6="""", INDEX(FILTER($C6:U6, ISNUMBER($C6:U6)), COUNTA(FILTER($C6:U6, ISNUMBER($C"&"6:U6)))), lastVal + 'K dynamique'!U6 * ((SQRT('Résultats des tournois'!U$2 + 1)/'Résultats des tournois'!U6) - (1 / (1 + 10^((U$103 - lastVal)/400))))) ) ))"),"") | W6: =IFERROR(__xludf.DUMMYFUNCTION("IF('Résultats des tournois'!V$2=0,"""",LET( lastVal, INDEX(FILTER($B6:V6, ISNUMBER($B6:V6)), COUNTA(FILTER($B6:V6, ISNUMBER($B6:V6)))), IFERROR( IF('Résultats des tournois'!V6="""", INDEX(FILTER($C6:V6, ISNUMBER($C6:V6)), COUNTA(FILTER($C6:V6, ISNUMBER($C"&"6:V6)))), lastVal + 'K dynamique'!V6 * ((SQRT('Résultats des tournois'!V$2 + 1)/'Résultats des tournois'!V6) - (1 / (1 + 10^((V$103 - lastVal)/400))))) ) ))"),"") | X6: =IFERROR(__xludf.DUMMYFUNCTION("IF('Résultats des tournois'!W$2=0,"""",LET( lastVal, INDEX(FILTER($B6:W6, ISNUMBER($B6:W6)), COUNTA(FILTER($B6:W6, ISNUMBER($B6:W6)))), IFERROR( IF('Résultats des tournois'!W6="""", INDEX(FILTER($C6:W6, ISNUMBER($C6:W6)), COUNTA(FILTER($C6:W6, ISNUMBER($C"&"6:W6)))), lastVal + 'K dynamique'!W6 * ((SQRT('Résultats des tournois'!W$2 + 1)/'Résultats des tournois'!W6) - (1 / (1 + 10^((W$103 - lastVal)/400))))) ) ))"),"") | Y6: =IFERROR(__xludf.DUMMYFUNCTION("IF('Résultats des tournois'!X$2=0,"""",LET( lastVal, INDEX(FILTER($B6:X6, ISNUMBER($B6:X6)), COUNTA(FILTER($B6:X6, ISNUMBER($B6:X6)))), IFERROR( IF('Résultats des tournois'!X6="""", INDEX(FILTER($C6:X6, ISNUMBER($C6:X6)), COUNTA(FILTER($C6:X6, ISNUMBER($C"&"6:X6)))), lastVal + 'K dynamique'!X6 * ((SQRT('Résultats des tournois'!X$2 + 1)/'Résultats des tournois'!X6) - (1 / (1 + 10^((X$103 - lastVal)/400))))) ) ))"),"") | Z6: =IFERROR(__xludf.DUMMYFUNCTION("IF('Résultats des tournois'!Y$2=0,"""",LET( lastVal, INDEX(FILTER($B6:Y6, ISNUMBER($B6:Y6)), COUNTA(FILTER($B6:Y6, ISNUMBER($B6:Y6)))), IFERROR( IF('Résultats des tournois'!Y6="""", INDEX(FILTER($C6:Y6, ISNUMBER($C6:Y6)), COUNTA(FILTER($C6:Y6, ISNUMBER($C"&"6:Y6)))), lastVal + 'K dynamique'!Y6 * ((SQRT('Résultats des tournois'!Y$2 + 1)/'Résultats des tournois'!Y6) - (1 / (1 + 10^((Y$103 - lastVal)/400))))) ) ))"),"") | AA6: =IFERROR(__xludf.DUMMYFUNCTION("IF('Résultats des tournois'!Z$2=0,"""",LET( lastVal, INDEX(FILTER($B6:Z6, ISNUMBER($B6:Z6)), COUNTA(FILTER($B6:Z6, ISNUMBER($B6:Z6)))), IFERROR( IF('Résultats des tournois'!Z6="""", INDEX(FILTER($C6:Z6, ISNUMBER($C6:Z6)), COUNTA(FILTER($C6:Z6, ISNUMBER($C"&"6:Z6)))), lastVal + 'K dynamique'!Z6 * ((SQRT('Résultats des tournois'!Z$2 + 1)/'Résultats des tournois'!Z6) - (1 / (1 + 10^((Z$103 - lastVal)/400))))) ) ))"),"") | AB6: =IFERROR(__xludf.DUMMYFUNCTION("IF('Résultats des tournois'!AA$2=0,"""",LET( lastVal, INDEX(FILTER($B6:AA6, ISNUMBER($B6:AA6)), COUNTA(FILTER($B6:AA6, ISNUMBER($B6:AA6)))), IFERROR( IF('Résultats des tournois'!AA6="""", INDEX(FILTER($C6:AA6, ISNUMBER($C6:AA6)), COUNTA(FILTER($C6:AA6, IS"&"NUMBER($C6:AA6)))), lastVal + 'K dynamique'!AA6 * ((SQRT('Résultats des tournois'!AA$2 + 1)/'Résultats des tournois'!AA6) - (1 / (1 + 10^((AA$103 - lastVal)/400))))) ) ))"),"") | AC6: =IFERROR(__xludf.DUMMYFUNCTION("IF('Résultats des tournois'!AB$2=0,"""",LET( lastVal, INDEX(FILTER($B6:AB6, ISNUMBER($B6:AB6)), COUNTA(FILTER($B6:AB6, ISNUMBER($B6:AB6)))), IFERROR( IF('Résultats des tournois'!AB6="""", INDEX(FILTER($C6:AB6, ISNUMBER($C6:AB6)), COUNTA(FILTER($C6:AB6, IS"&"NUMBER($C6:AB6)))), lastVal + 'K dynamique'!AB6 * ((SQRT('Résultats des tournois'!AB$2 + 1)/'Résultats des tournois'!AB6) - (1 / (1 + 10^((AB$103 - lastVal)/400))))) ) ))"),"") | AD6: =IFERROR(__xludf.DUMMYFUNCTION("IF('Résultats des tournois'!AC$2=0,"""",LET( lastVal, INDEX(FILTER($B6:AC6, ISNUMBER($B6:AC6)), COUNTA(FILTER($B6:AC6, ISNUMBER($B6:AC6)))), IFERROR( IF('Résultats des tournois'!AC6="""", INDEX(FILTER($C6:AC6, ISNUMBER($C6:AC6)), COUNTA(FILTER($C6:AC6, IS"&"NUMBER($C6:AC6)))), lastVal + 'K dynamique'!AC6 * ((SQRT('Résultats des tournois'!AC$2 + 1)/'Résultats des tournois'!AC6) - (1 / (1 + 10^((AC$103 - lastVal)/400))))) ) ))"),"") | AE6: =IFERROR(__xludf.DUMMYFUNCTION("IF('Résultats des tournois'!AD$2=0,"""",LET( lastVal, INDEX(FILTER($B6:AD6, ISNUMBER($B6:AD6)), COUNTA(FILTER($B6:AD6, ISNUMBER($B6:AD6)))), IFERROR( IF('Résultats des tournois'!AD6="""", INDEX(FILTER($C6:AD6, ISNUMBER($C6:AD6)), COUNTA(FILTER($C6:AD6, IS"&"NUMBER($C6:AD6)))), lastVal + 'K dynamique'!AD6 * ((SQRT('Résultats des tournois'!AD$2 + 1)/'Résultats des tournois'!AD6) - (1 / (1 + 10^((AD$103 - lastVal)/400))))) ) ))"),"") | AF6: =IFERROR(__xludf.DUMMYFUNCTION("IF('Résultats des tournois'!AE$2=0,"""",LET( lastVal, INDEX(FILTER($B6:AE6, ISNUMBER($B6:AE6)), COUNTA(FILTER($B6:AE6, ISNUMBER($B6:AE6)))), IFERROR( IF('Résultats des tournois'!AE6="""", INDEX(FILTER($C6:AE6, ISNUMBER($C6:AE6)), COUNTA(FILTER($C6:AE6, IS"&"NUMBER($C6:AE6)))), lastVal + 'K dynamique'!AE6 * ((SQRT('Résultats des tournois'!AE$2 + 1)/'Résultats des tournois'!AE6) - (1 / (1 + 10^((AE$103 - lastVal)/400))))) ) ))"),"") | AG6: =IFERROR(__xludf.DUMMYFUNCTION("IF('Résultats des tournois'!AF$2=0,"""",LET( lastVal, INDEX(FILTER($B6:AF6, ISNUMBER($B6:AF6)), COUNTA(FILTER($B6:AF6, ISNUMBER($B6:AF6)))), IFERROR( IF('Résultats des tournois'!AF6="""", INDEX(FILTER($C6:AF6, ISNUMBER($C6:AF6)), COUNTA(FILTER($C6:AF6, IS"&"NUMBER($C6:AF6)))), lastVal + 'K dynamique'!AF6 * ((SQRT('Résultats des tournois'!AF$2 + 1)/'Résultats des tournois'!AF6) - (1 / (1 + 10^((AF$103 - lastVal)/400))))) ) ))"),"") | AH6: =IFERROR(__xludf.DUMMYFUNCTION("IF('Résultats des tournois'!AG$2=0,"""",LET( lastVal, INDEX(FILTER($B6:AG6, ISNUMBER($B6:AG6)), COUNTA(FILTER($B6:AG6, ISNUMBER($B6:AG6)))), IFERROR( IF('Résultats des tournois'!AG6="""", INDEX(FILTER($C6:AG6, ISNUMBER($C6:AG6)), COUNTA(FILTER($C6:AG6, IS"&"NUMBER($C6:AG6)))), lastVal + 'K dynamique'!AG6 * ((SQRT('Résultats des tournois'!AG$2 + 1)/'Résultats des tournois'!AG6) - (1 / (1 + 10^((AG$103 - lastVal)/400))))) ) ))"),"") | AI6: =IFERROR(__xludf.DUMMYFUNCTION("IF('Résultats des tournois'!AH$2=0,"""",LET( lastVal, INDEX(FILTER($B6:AH6, ISNUMBER($B6:AH6)), COUNTA(FILTER($B6:AH6, ISNUMBER($B6:AH6)))), IFERROR( IF('Résultats des tournois'!AH6="""", INDEX(FILTER($C6:AH6, ISNUMBER($C6:AH6)), COUNTA(FILTER($C6:AH6, IS"&"NUMBER($C6:AH6)))), lastVal + 'K dynamique'!AH6 * ((SQRT('Résultats des tournois'!AH$2 + 1)/'Résultats des tournois'!AH6) - (1 / (1 + 10^((AH$103 - lastVal)/400))))) ) ))"),"") | AJ6: =IFERROR(__xludf.DUMMYFUNCTION("IF('Résultats des tournois'!AI$2=0,"""",LET( lastVal, INDEX(FILTER($B6:AI6, ISNUMBER($B6:AI6)), COUNTA(FILTER($B6:AI6, ISNUMBER($B6:AI6)))), IFERROR( IF('Résultats des tournois'!AI6="""", INDEX(FILTER($C6:AI6, ISNUMBER($C6:AI6)), COUNTA(FILTER($C6:AI6, IS"&"NUMBER($C6:AI6)))), lastVal + 'K dynamique'!AI6 * ((SQRT('Résultats des tournois'!AI$2 + 1)/'Résultats des tournois'!AI6) - (1 / (1 + 10^((AI$103 - lastVal)/400))))) ) ))"),"") | AK6: =IFERROR(__xludf.DUMMYFUNCTION("IF('Résultats des tournois'!AJ$2=0,"""",LET( lastVal, INDEX(FILTER($B6:AJ6, ISNUMBER($B6:AJ6)), COUNTA(FILTER($B6:AJ6, ISNUMBER($B6:AJ6)))), IFERROR( IF('Résultats des tournois'!AJ6="""", INDEX(FILTER($C6:AJ6, ISNUMBER($C6:AJ6)), COUNTA(FILTER($C6:AJ6, IS"&"NUMBER($C6:AJ6)))), lastVal + 'K dynamique'!AJ6 * ((SQRT('Résultats des tournois'!AJ$2 + 1)/'Résultats des tournois'!AJ6) - (1 / (1 + 10^((AJ$103 - lastVal)/400))))) ) ))"),"") | AL6: =IFERROR(__xludf.DUMMYFUNCTION("IF('Résultats des tournois'!AK$2=0,"""",LET( lastVal, INDEX(FILTER($B6:AK6, ISNUMBER($B6:AK6)), COUNTA(FILTER($B6:AK6, ISNUMBER($B6:AK6)))), IFERROR( IF('Résultats des tournois'!AK6="""", INDEX(FILTER($C6:AK6, ISNUMBER($C6:AK6)), COUNTA(FILTER($C6:AK6, IS"&"NUMBER($C6:AK6)))), lastVal + 'K dynamique'!AK6 * ((SQRT('Résultats des tournois'!AK$2 + 1)/'Résultats des tournois'!AK6) - (1 / (1 + 10^((AK$103 - lastVal)/400))))) ) ))"),"") | AM6: =IFERROR(__xludf.DUMMYFUNCTION("IF('Résultats des tournois'!AL$2=0,"""",LET( lastVal, INDEX(FILTER($B6:AL6, ISNUMBER($B6:AL6)), COUNTA(FILTER($B6:AL6, ISNUMBER($B6:AL6)))), IFERROR( IF('Résultats des tournois'!AL6="""", INDEX(FILTER($C6:AL6, ISNUMBER($C6:AL6)), COUNTA(FILTER($C6:AL6, IS"&"NUMBER($C6:AL6)))), lastVal + 'K dynamique'!AL6 * ((SQRT('Résultats des tournois'!AL$2 + 1)/'Résultats des tournois'!AL6) - (1 / (1 + 10^((AL$103 - lastVal)/400))))) ) ))"),"") | AN6: =IFERROR(__xludf.DUMMYFUNCTION("IF('Résultats des tournois'!AM$2=0,"""",LET( lastVal, INDEX(FILTER($B6:AM6, ISNUMBER($B6:AM6)), COUNTA(FILTER($B6:AM6, ISNUMBER($B6:AM6)))), IFERROR( IF('Résultats des tournois'!AM6="""", INDEX(FILTER($C6:AM6, ISNUMBER($C6:AM6)), COUNTA(FILTER($C6:AM6, IS"&"NUMBER($C6:AM6)))), lastVal + 'K dynamique'!AM6 * ((SQRT('Résultats des tournois'!AM$2 + 1)/'Résultats des tournois'!AM6) - (1 / (1 + 10^((AM$103 - lastVal)/400))))) ) ))"),"") | AO6: =IFERROR(__xludf.DUMMYFUNCTION("IF('Résultats des tournois'!AN$2=0,"""",LET( lastVal, INDEX(FILTER($B6:AN6, ISNUMBER($B6:AN6)), COUNTA(FILTER($B6:AN6, ISNUMBER($B6:AN6)))), IFERROR( IF('Résultats des tournois'!AN6="""", INDEX(FILTER($C6:AN6, ISNUMBER($C6:AN6)), COUNTA(FILTER($C6:AN6, IS"&"NUMBER($C6:AN6)))), lastVal + 'K dynamique'!AN6 * ((SQRT('Résultats des tournois'!AN$2 + 1)/'Résultats des tournois'!AN6) - (1 / (1 + 10^((AN$103 - lastVal)/400))))) ) ))"),"") | AP6: =IFERROR(__xludf.DUMMYFUNCTION("IF('Résultats des tournois'!AO$2=0,"""",LET( lastVal, INDEX(FILTER($B6:AO6, ISNUMBER($B6:AO6)), COUNTA(FILTER($B6:AO6, ISNUMBER($B6:AO6)))), IFERROR( IF('Résultats des tournois'!AO6="""", INDEX(FILTER($C6:AO6, ISNUMBER($C6:AO6)), COUNTA(FILTER($C6:AO6, IS"&"NUMBER($C6:AO6)))), lastVal + 'K dynamique'!AO6 * ((SQRT('Résultats des tournois'!AO$2 + 1)/'Résultats des tournois'!AO6) - (1 / (1 + 10^((AO$103 - lastVal)/400))))) ) ))"),"") | AQ6: =IFERROR(__xludf.DUMMYFUNCTION("IF('Résultats des tournois'!AP$2=0,"""",LET( lastVal, INDEX(FILTER($B6:AP6, ISNUMBER($B6:AP6)), COUNTA(FILTER($B6:AP6, ISNUMBER($B6:AP6)))), IFERROR( IF('Résultats des tournois'!AP6="""", INDEX(FILTER($C6:AP6, ISNUMBER($C6:AP6)), COUNTA(FILTER($C6:AP6, IS"&"NUMBER($C6:AP6)))), lastVal + 'K dynamique'!AP6 * ((SQRT('Résultats des tournois'!AP$2 + 1)/'Résultats des tournois'!AP6) - (1 / (1 + 10^((AP$103 - lastVal)/400))))) ) ))"),"") | AR6: =IFERROR(__xludf.DUMMYFUNCTION("IF('Résultats des tournois'!AQ$2=0,"""",LET( lastVal, INDEX(FILTER($B6:AQ6, ISNUMBER($B6:AQ6)), COUNTA(FILTER($B6:AQ6, ISNUMBER($B6:AQ6)))), IFERROR( IF('Résultats des tournois'!AQ6="""", INDEX(FILTER($C6:AQ6, ISNUMBER($C6:AQ6)), COUNTA(FILTER($C6:AQ6, IS"&"NUMBER($C6:AQ6)))), lastVal + 'K dynamique'!AQ6 * ((SQRT('Résultats des tournois'!AQ$2 + 1)/'Résultats des tournois'!AQ6) - (1 / (1 + 10^((AQ$103 - lastVal)/400))))) ) ))"),"") | AS6: =IFERROR(__xludf.DUMMYFUNCTION("IF('Résultats des tournois'!AR$2=0,"""",LET( lastVal, INDEX(FILTER($B6:AR6, ISNUMBER($B6:AR6)), COUNTA(FILTER($B6:AR6, ISNUMBER($B6:AR6)))), IFERROR( IF('Résultats des tournois'!AR6="""", INDEX(FILTER($C6:AR6, ISNUMBER($C6:AR6)), COUNTA(FILTER($C6:AR6, IS"&"NUMBER($C6:AR6)))), lastVal + 'K dynamique'!AR6 * ((SQRT('Résultats des tournois'!AR$2 + 1)/'Résultats des tournois'!AR6) - (1 / (1 + 10^((AR$103 - lastVal)/400))))) ) ))"),"") | AT6: =IFERROR(__xludf.DUMMYFUNCTION("IF('Résultats des tournois'!AS$2=0,"""",LET( lastVal, INDEX(FILTER($B6:AS6, ISNUMBER($B6:AS6)), COUNTA(FILTER($B6:AS6, ISNUMBER($B6:AS6)))), IFERROR( IF('Résultats des tournois'!AS6="""", INDEX(FILTER($C6:AS6, ISNUMBER($C6:AS6)), COUNTA(FILTER($C6:AS6, IS"&"NUMBER($C6:AS6)))), lastVal + 'K dynamique'!AS6 * ((SQRT('Résultats des tournois'!AS$2 + 1)/'Résultats des tournois'!AS6) - (1 / (1 + 10^((AS$103 - lastVal)/400))))) ) ))"),"") | AU6: =IFERROR(__xludf.DUMMYFUNCTION("IF('Résultats des tournois'!AT$2=0,"""",LET( lastVal, INDEX(FILTER($B6:AT6, ISNUMBER($B6:AT6)), COUNTA(FILTER($B6:AT6, ISNUMBER($B6:AT6)))), IFERROR( IF('Résultats des tournois'!AT6="""", INDEX(FILTER($C6:AT6, ISNUMBER($C6:AT6)), COUNTA(FILTER($C6:AT6, IS"&"NUMBER($C6:AT6)))), lastVal + 'K dynamique'!AT6 * ((SQRT('Résultats des tournois'!AT$2 + 1)/'Résultats des tournois'!AT6) - (1 / (1 + 10^((AT$103 - lastVal)/400))))) ) ))"),"") | AV6: =IFERROR(__xludf.DUMMYFUNCTION("IF('Résultats des tournois'!AU$2=0,"""",LET( lastVal, INDEX(FILTER($B6:AU6, ISNUMBER($B6:AU6)), COUNTA(FILTER($B6:AU6, ISNUMBER($B6:AU6)))), IFERROR( IF('Résultats des tournois'!AU6="""", INDEX(FILTER($C6:AU6, ISNUMBER($C6:AU6)), COUNTA(FILTER($C6:AU6, IS"&"NUMBER($C6:AU6)))), lastVal + 'K dynamique'!AU6 * ((SQRT('Résultats des tournois'!AU$2 + 1)/'Résultats des tournois'!AU6) - (1 / (1 + 10^((AU$103 - lastVal)/400))))) ) ))"),"") | AW6: =IFERROR(__xludf.DUMMYFUNCTION("IF('Résultats des tournois'!AV$2=0,"""",LET( lastVal, INDEX(FILTER($B6:AV6, ISNUMBER($B6:AV6)), COUNTA(FILTER($B6:AV6, ISNUMBER($B6:AV6)))), IFERROR( IF('Résultats des tournois'!AV6="""", INDEX(FILTER($C6:AV6, ISNUMBER($C6:AV6)), COUNTA(FILTER($C6:AV6, IS"&"NUMBER($C6:AV6)))), lastVal + 'K dynamique'!AV6 * ((SQRT('Résultats des tournois'!AV$2 + 1)/'Résultats des tournois'!AV6) - (1 / (1 + 10^((AV$103 - lastVal)/400))))) ) ))"),"") | AX6: =IFERROR(__xludf.DUMMYFUNCTION("IF('Résultats des tournois'!AW$2=0,"""",LET( lastVal, INDEX(FILTER($B6:AW6, ISNUMBER($B6:AW6)), COUNTA(FILTER($B6:AW6, ISNUMBER($B6:AW6)))), IFERROR( IF('Résultats des tournois'!AW6="""", INDEX(FILTER($C6:AW6, ISNUMBER($C6:AW6)), COUNTA(FILTER($C6:AW6, IS"&"NUMBER($C6:AW6)))), lastVal + 'K dynamique'!AW6 * ((SQRT('Résultats des tournois'!AW$2 + 1)/'Résultats des tournois'!AW6) - (1 / (1 + 10^((AW$103 - lastVal)/400))))) ) ))"),"") | AY6: =IFERROR(__xludf.DUMMYFUNCTION("IF('Résultats des tournois'!AX$2=0,"""",LET( lastVal, INDEX(FILTER($B6:AX6, ISNUMBER($B6:AX6)), COUNTA(FILTER($B6:AX6, ISNUMBER($B6:AX6)))), IFERROR( IF('Résultats des tournois'!AX6="""", INDEX(FILTER($C6:AX6, ISNUMBER($C6:AX6)), COUNTA(FILTER($C6:AX6, IS"&"NUMBER($C6:AX6)))), lastVal + 'K dynamique'!AX6 * ((SQRT('Résultats des tournois'!AX$2 + 1)/'Résultats des tournois'!AX6) - (1 / (1 + 10^((AX$103 - lastVal)/400))))) ) ))"),"") | AZ6: {=IF(MAX(($C6:AY6<>"")*COLUMN($C6:AY6))=0,"",INDEX($C6:AY6,1,MAX(($C6:AY6<>"")*COLUMN($C6:AY6))-COLUMN($C6)+1))} -> 1640.8841 | BA6: =IF(ISNUMBER(AZ6),RANK(AZ6,$AZ$4:$AZ$102,0),"") -> 5
A7: =IF('Résultats des tournois'!A7="","",'Résultats des tournois'!A7) -> Gwen | B7: 1500 | C7: =IF('Résultats des tournois'!B7="","",B7+'K dynamique'!B7*((SQRT('Résultats des tournois'!B$2+1)/'Résultats des tournois'!B7)-(1/(1+10^((B7-B7)/400))))) -> 1498.9666 | D7: =IFERROR(__xludf.DUMMYFUNCTION("IF('Résultats des tournois'!C$2=0,"""",LET( lastVal, INDEX(FILTER($B7:C7, ISNUMBER($B7:C7)), COUNTA(FILTER($B7:C7, ISNUMBER($B7:C7)))), IFERROR( IF('Résultats des tournois'!C7="""", INDEX(FILTER($C7:C7, ISNUMBER($C7:C7)), COUNTA(FILTER($C7:C7, ISNUMBER($C"&"7:C7)))), lastVal + 'K dynamique'!C7 * ((SQRT('Résultats des tournois'!C$2 + 1)/'Résultats des tournois'!C7) - (1 / (1 + 10^((C$103 - lastVal)/400))))) ) ))"),1494.7109865054574) -> 1494.711 | E7: =IFERROR(__xludf.DUMMYFUNCTION("IF('Résultats des tournois'!D$2=0,"""",LET( lastVal, INDEX(FILTER($B7:D7, ISNUMBER($B7:D7)), COUNTA(FILTER($B7:D7, ISNUMBER($B7:D7)))), IFERROR( IF('Résultats des tournois'!D7="""", INDEX(FILTER($C7:D7, ISNUMBER($C7:D7)), COUNTA(FILTER($C7:D7, ISNUMBER($C"&"7:D7)))), lastVal + 'K dynamique'!D7 * ((SQRT('Résultats des tournois'!D$2 + 1)/'Résultats des tournois'!D7) - (1 / (1 + 10^((D$103 - lastVal)/400))))) ) ))"),1489.5764503801158) -> 1489.5765 | F7: =IFERROR(__xludf.DUMMYFUNCTION("IF('Résultats des tournois'!E$2=0,"""",LET( lastVal, INDEX(FILTER($B7:E7, ISNUMBER($B7:E7)), COUNTA(FILTER($B7:E7, ISNUMBER($B7:E7)))), IFERROR( IF('Résultats des tournois'!E7="""", INDEX(FILTER($C7:E7, ISNUMBER($C7:E7)), COUNTA(FILTER($C7:E7, ISNUMBER($C"&"7:E7)))), lastVal + 'K dynamique'!E7 * ((SQRT('Résultats des tournois'!E$2 + 1)/'Résultats des tournois'!E7) - (1 / (1 + 10^((E$103 - lastVal)/400))))) ) ))"),1489.5764503801158) -> 1489.5765 | G7: =IFERROR(__xludf.DUMMYFUNCTION("IF('Résultats des tournois'!F$2=0,"""",LET( lastVal, INDEX(FILTER($B7:F7, ISNUMBER($B7:F7)), COUNTA(FILTER($B7:F7, ISNUMBER($B7:F7)))), IFERROR( IF('Résultats des tournois'!F7="""", INDEX(FILTER($C7:F7, ISNUMBER($C7:F7)), COUNTA(FILTER($C7:F7, ISNUMBER($C"&"7:F7)))), lastVal + 'K dynamique'!F7 * ((SQRT('Résultats des tournois'!F$2 + 1)/'Résultats des tournois'!F7) - (1 / (1 + 10^((F$103 - lastVal)/400))))) ) ))"),1591.3318665248967) -> 1591.3319 | H7: =IFERROR(__xludf.DUMMYFUNCTION("IF('Résultats des tournois'!G$2=0,"""",LET( lastVal, INDEX(FILTER($B7:G7, ISNUMBER($B7:G7)), COUNTA(FILTER($B7:G7, ISNUMBER($B7:G7)))), IFERROR( IF('Résultats des tournois'!G7="""", INDEX(FILTER($C7:G7, ISNUMBER($C7:G7)), COUNTA(FILTER($C7:G7, ISNUMBER($C"&"7:G7)))), lastVal + 'K dynamique'!G7 * ((SQRT('Résultats des tournois'!G$2 + 1)/'Résultats des tournois'!G7) - (1 / (1 + 10^((G$103 - lastVal)/400))))) ) ))"),1591.3318665248967) -> 1591.3319 | I7: =IFERROR(__xludf.DUMMYFUNCTION("IF('Résultats des tournois'!H$2=0,"""",LET( lastVal, INDEX(FILTER($B7:H7, ISNUMBER($B7:H7)), COUNTA(FILTER($B7:H7, ISNUMBER($B7:H7)))), IFERROR( IF('Résultats des tournois'!H7="""", INDEX(FILTER($C7:H7, ISNUMBER($C7:H7)), COUNTA(FILTER($C7:H7, ISNUMBER($C"&"7:H7)))), lastVal + 'K dynamique'!H7 * ((SQRT('Résultats des tournois'!H$2 + 1)/'Résultats des tournois'!H7) - (1 / (1 + 10^((H$103 - lastVal)/400))))) ) ))"),1606.347357790802) -> 1606.3474 | J7: =IFERROR(__xludf.DUMMYFUNCTION("IF('Résultats des tournois'!I$2=0,"""",LET( lastVal, INDEX(FILTER($B7:I7, ISNUMBER($B7:I7)), COUNTA(FILTER($B7:I7, ISNUMBER($B7:I7)))), IFERROR( IF('Résultats des tournois'!I7="""", INDEX(FILTER($C7:I7, ISNUMBER($C7:I7)), COUNTA(FILTER($C7:I7, ISNUMBER($C"&"7:I7)))), lastVal + 'K dynamique'!I7 * ((SQRT('Résultats des tournois'!I$2 + 1)/'Résultats des tournois'!I7) - (1 / (1 + 10^((I$103 - lastVal)/400))))) ) ))"),1606.347357790802) -> 1606.3474 | K7: =IFERROR(__xludf.DUMMYFUNCTION("IF('Résultats des tournois'!J$2=0,"""",LET( lastVal, INDEX(FILTER($B7:J7, ISNUMBER($B7:J7)), COUNTA(FILTER($B7:J7, ISNUMBER($B7:J7)))), IFERROR( IF('Résultats des tournois'!J7="""", INDEX(FILTER($C7:J7, ISNUMBER($C7:J7)), COUNTA(FILTER($C7:J7, ISNUMBER($C"&"7:J7)))), lastVal + 'K dynamique'!J7 * ((SQRT('Résultats des tournois'!J$2 + 1)/'Résultats des tournois'!J7) - (1 / (1 + 10^((J$103 - lastVal)/400))))) ) ))"),1604.80788095046) -> 1604.8079 | L7: =IFERROR(__xludf.DUMMYFUNCTION("IF('Résultats des tournois'!K$2=0,"""",LET( lastVal, INDEX(FILTER($B7:K7, ISNUMBER($B7:K7)), COUNTA(FILTER($B7:K7, ISNUMBER($B7:K7)))), IFERROR( IF('Résultats des tournois'!K7="""", INDEX(FILTER($C7:K7, ISNUMBER($C7:K7)), COUNTA(FILTER($C7:K7, ISNUMBER($C"&"7:K7)))), lastVal + 'K dynamique'!K7 * ((SQRT('Résultats des tournois'!K$2 + 1)/'Résultats des tournois'!K7) - (1 / (1 + 10^((K$103 - lastVal)/400))))) ) ))"),1604.80788095046) -> 1604.8079 | M7: =IFERROR(__xludf.DUMMYFUNCTION("IF('Résultats des tournois'!L$2=0,"""",LET( lastVal, INDEX(FILTER($B7:L7, ISNUMBER($B7:L7)), COUNTA(FILTER($B7:L7, ISNUMBER($B7:L7)))), IFERROR( IF('Résultats des tournois'!L7="""", INDEX(FILTER($C7:L7, ISNUMBER($C7:L7)), COUNTA(FILTER($C7:L7, ISNUMBER($C"&"7:L7)))), lastVal + 'K dynamique'!L7 * ((SQRT('Résultats des tournois'!L$2 + 1)/'Résultats des tournois'!L7) - (1 / (1 + 10^((L$103 - lastVal)/400))))) ) ))"),1608.3473166619951) -> 1608.3473 | N7: =IFERROR(__xludf.DUMMYFUNCTION("IF('Résultats des tournois'!M$2=0,"""",LET( lastVal, INDEX(FILTER($B7:M7, ISNUMBER($B7:M7)), COUNTA(FILTER($B7:M7, ISNUMBER($B7:M7)))), IFERROR( IF('Résultats des tournois'!M7="""", INDEX(FILTER($C7:M7, ISNUMBER($C7:M7)), COUNTA(FILTER($C7:M7, ISNUMBER($C"&"7:M7)))), lastVal + 'K dynamique'!M7 * ((SQRT('Résultats des tournois'!M$2 + 1)/'Résultats des tournois'!M7) - (1 / (1 + 10^((M$103 - lastVal)/400))))) ) ))"),"") | O7: =IFERROR(__xludf.DUMMYFUNCTION("IF('Résultats des tournois'!N$2=0,"""",LET( lastVal, INDEX(FILTER($B7:N7, ISNUMBER($B7:N7)), COUNTA(FILTER($B7:N7, ISNUMBER($B7:N7)))), IFERROR( IF('Résultats des tournois'!N7="""", INDEX(FILTER($C7:N7, ISNUMBER($C7:N7)), COUNTA(FILTER($C7:N7, ISNUMBER($C"&"7:N7)))), lastVal + 'K dynamique'!N7 * ((SQRT('Résultats des tournois'!N$2 + 1)/'Résultats des tournois'!N7) - (1 / (1 + 10^((N$103 - lastVal)/400))))) ) ))"),"") | P7: =IFERROR(__xludf.DUMMYFUNCTION("IF('Résultats des tournois'!O$2=0,"""",LET( lastVal, INDEX(FILTER($B7:O7, ISNUMBER($B7:O7)), COUNTA(FILTER($B7:O7, ISNUMBER($B7:O7)))), IFERROR( IF('Résultats des tournois'!O7="""", INDEX(FILTER($C7:O7, ISNUMBER($C7:O7)), COUNTA(FILTER($C7:O7, ISNUMBER($C"&"7:O7)))), lastVal + 'K dynamique'!O7 * ((SQRT('Résultats des tournois'!O$2 + 1)/'Résultats des tournois'!O7) - (1 / (1 + 10^((O$103 - lastVal)/400))))) ) ))"),"") | Q7: =IFERROR(__xludf.DUMMYFUNCTION("IF('Résultats des tournois'!P$2=0,"""",LET( lastVal, INDEX(FILTER($B7:P7, ISNUMBER($B7:P7)), COUNTA(FILTER($B7:P7, ISNUMBER($B7:P7)))), IFERROR( IF('Résultats des tournois'!P7="""", INDEX(FILTER($C7:P7, ISNUMBER($C7:P7)), COUNTA(FILTER($C7:P7, ISNUMBER($C"&"7:P7)))), lastVal + 'K dynamique'!P7 * ((SQRT('Résultats des tournois'!P$2 + 1)/'Résultats des tournois'!P7) - (1 / (1 + 10^((P$103 - lastVal)/400))))) ) ))"),"") | R7: =IFERROR(__xludf.DUMMYFUNCTION("IF('Résultats des tournois'!Q$2=0,"""",LET( lastVal, INDEX(FILTER($B7:Q7, ISNUMBER($B7:Q7)), COUNTA(FILTER($B7:Q7, ISNUMBER($B7:Q7)))), IFERROR( IF('Résultats des tournois'!Q7="""", INDEX(FILTER($C7:Q7, ISNUMBER($C7:Q7)), COUNTA(FILTER($C7:Q7, ISNUMBER($C"&"7:Q7)))), lastVal + 'K dynamique'!Q7 * ((SQRT('Résultats des tournois'!Q$2 + 1)/'Résultats des tournois'!Q7) - (1 / (1 + 10^((Q$103 - lastVal)/400))))) ) ))"),"") | S7: =IFERROR(__xludf.DUMMYFUNCTION("IF('Résultats des tournois'!R$2=0,"""",LET( lastVal, INDEX(FILTER($B7:R7, ISNUMBER($B7:R7)), COUNTA(FILTER($B7:R7, ISNUMBER($B7:R7)))), IFERROR( IF('Résultats des tournois'!R7="""", INDEX(FILTER($C7:R7, ISNUMBER($C7:R7)), COUNTA(FILTER($C7:R7, ISNUMBER($C"&"7:R7)))), lastVal + 'K dynamique'!R7 * ((SQRT('Résultats des tournois'!R$2 + 1)/'Résultats des tournois'!R7) - (1 / (1 + 10^((R$103 - lastVal)/400))))) ) ))"),"") | T7: =IFERROR(__xludf.DUMMYFUNCTION("IF('Résultats des tournois'!S$2=0,"""",LET( lastVal, INDEX(FILTER($B7:S7, ISNUMBER($B7:S7)), COUNTA(FILTER($B7:S7, ISNUMBER($B7:S7)))), IFERROR( IF('Résultats des tournois'!S7="""", INDEX(FILTER($C7:S7, ISNUMBER($C7:S7)), COUNTA(FILTER($C7:S7, ISNUMBER($C"&"7:S7)))), lastVal + 'K dynamique'!S7 * ((SQRT('Résultats des tournois'!S$2 + 1)/'Résultats des tournois'!S7) - (1 / (1 + 10^((S$103 - lastVal)/400))))) ) ))"),"") | U7: =IFERROR(__xludf.DUMMYFUNCTION("IF('Résultats des tournois'!T$2=0,"""",LET( lastVal, INDEX(FILTER($B7:T7, ISNUMBER($B7:T7)), COUNTA(FILTER($B7:T7, ISNUMBER($B7:T7)))), IFERROR( IF('Résultats des tournois'!T7="""", INDEX(FILTER($C7:T7, ISNUMBER($C7:T7)), COUNTA(FILTER($C7:T7, ISNUMBER($C"&"7:T7)))), lastVal + 'K dynamique'!T7 * ((SQRT('Résultats des tournois'!T$2 + 1)/'Résultats des tournois'!T7) - (1 / (1 + 10^((T$103 - lastVal)/400))))) ) ))"),"") | V7: =IFERROR(__xludf.DUMMYFUNCTION("IF('Résultats des tournois'!U$2=0,"""",LET( lastVal, INDEX(FILTER($B7:U7, ISNUMBER($B7:U7)), COUNTA(FILTER($B7:U7, ISNUMBER($B7:U7)))), IFERROR( IF('Résultats des tournois'!U7="""", INDEX(FILTER($C7:U7, ISNUMBER($C7:U7)), COUNTA(FILTER($C7:U7, ISNUMBER($C"&"7:U7)))), lastVal + 'K dynamique'!U7 * ((SQRT('Résultats des tournois'!U$2 + 1)/'Résultats des tournois'!U7) - (1 / (1 + 10^((U$103 - lastVal)/400))))) ) ))"),"") | W7: =IFERROR(__xludf.DUMMYFUNCTION("IF('Résultats des tournois'!V$2=0,"""",LET( lastVal, INDEX(FILTER($B7:V7, ISNUMBER($B7:V7)), COUNTA(FILTER($B7:V7, ISNUMBER($B7:V7)))), IFERROR( IF('Résultats des tournois'!V7="""", INDEX(FILTER($C7:V7, ISNUMBER($C7:V7)), COUNTA(FILTER($C7:V7, ISNUMBER($C"&"7:V7)))), lastVal + 'K dynamique'!V7 * ((SQRT('Résultats des tournois'!V$2 + 1)/'Résultats des tournois'!V7) - (1 / (1 + 10^((V$103 - lastVal)/400))))) ) ))"),"") | X7: =IFERROR(__xludf.DUMMYFUNCTION("IF('Résultats des tournois'!W$2=0,"""",LET( lastVal, INDEX(FILTER($B7:W7, ISNUMBER($B7:W7)), COUNTA(FILTER($B7:W7, ISNUMBER($B7:W7)))), IFERROR( IF('Résultats des tournois'!W7="""", INDEX(FILTER($C7:W7, ISNUMBER($C7:W7)), COUNTA(FILTER($C7:W7, ISNUMBER($C"&"7:W7)))), lastVal + 'K dynamique'!W7 * ((SQRT('Résultats des tournois'!W$2 + 1)/'Résultats des tournois'!W7) - (1 / (1 + 10^((W$103 - lastVal)/400))))) ) ))"),"") | Y7: =IFERROR(__xludf.DUMMYFUNCTION("IF('Résultats des tournois'!X$2=0,"""",LET( lastVal, INDEX(FILTER($B7:X7, ISNUMBER($B7:X7)), COUNTA(FILTER($B7:X7, ISNUMBER($B7:X7)))), IFERROR( IF('Résultats des tournois'!X7="""", INDEX(FILTER($C7:X7, ISNUMBER($C7:X7)), COUNTA(FILTER($C7:X7, ISNUMBER($C"&"7:X7)))), lastVal + 'K dynamique'!X7 * ((SQRT('Résultats des tournois'!X$2 + 1)/'Résultats des tournois'!X7) - (1 / (1 + 10^((X$103 - lastVal)/400))))) ) ))"),"") | Z7: =IFERROR(__xludf.DUMMYFUNCTION("IF('Résultats des tournois'!Y$2=0,"""",LET( lastVal, INDEX(FILTER($B7:Y7, ISNUMBER($B7:Y7)), COUNTA(FILTER($B7:Y7, ISNUMBER($B7:Y7)))), IFERROR( IF('Résultats des tournois'!Y7="""", INDEX(FILTER($C7:Y7, ISNUMBER($C7:Y7)), COUNTA(FILTER($C7:Y7, ISNUMBER($C"&"7:Y7)))), lastVal + 'K dynamique'!Y7 * ((SQRT('Résultats des tournois'!Y$2 + 1)/'Résultats des tournois'!Y7) - (1 / (1 + 10^((Y$103 - lastVal)/400))))) ) ))"),"") | AA7: =IFERROR(__xludf.DUMMYFUNCTION("IF('Résultats des tournois'!Z$2=0,"""",LET( lastVal, INDEX(FILTER($B7:Z7, ISNUMBER($B7:Z7)), COUNTA(FILTER($B7:Z7, ISNUMBER($B7:Z7)))), IFERROR( IF('Résultats des tournois'!Z7="""", INDEX(FILTER($C7:Z7, ISNUMBER($C7:Z7)), COUNTA(FILTER($C7:Z7, ISNUMBER($C"&"7:Z7)))), lastVal + 'K dynamique'!Z7 * ((SQRT('Résultats des tournois'!Z$2 + 1)/'Résultats des tournois'!Z7) - (1 / (1 + 10^((Z$103 - lastVal)/400))))) ) ))"),"") | AB7: =IFERROR(__xludf.DUMMYFUNCTION("IF('Résultats des tournois'!AA$2=0,"""",LET( lastVal, INDEX(FILTER($B7:AA7, ISNUMBER($B7:AA7)), COUNTA(FILTER($B7:AA7, ISNUMBER($B7:AA7)))), IFERROR( IF('Résultats des tournois'!AA7="""", INDEX(FILTER($C7:AA7, ISNUMBER($C7:AA7)), COUNTA(FILTER($C7:AA7, IS"&"NUMBER($C7:AA7)))), lastVal + 'K dynamique'!AA7 * ((SQRT('Résultats des tournois'!AA$2 + 1)/'Résultats des tournois'!AA7) - (1 / (1 + 10^((AA$103 - lastVal)/400))))) ) ))"),"") | AC7: =IFERROR(__xludf.DUMMYFUNCTION("IF('Résultats des tournois'!AB$2=0,"""",LET( lastVal, INDEX(FILTER($B7:AB7, ISNUMBER($B7:AB7)), COUNTA(FILTER($B7:AB7, ISNUMBER($B7:AB7)))), IFERROR( IF('Résultats des tournois'!AB7="""", INDEX(FILTER($C7:AB7, ISNUMBER($C7:AB7)), COUNTA(FILTER($C7:AB7, IS"&"NUMBER($C7:AB7)))), lastVal + 'K dynamique'!AB7 * ((SQRT('Résultats des tournois'!AB$2 + 1)/'Résultats des tournois'!AB7) - (1 / (1 + 10^((AB$103 - lastVal)/400))))) ) ))"),"") | AD7: =IFERROR(__xludf.DUMMYFUNCTION("IF('Résultats des tournois'!AC$2=0,"""",LET( lastVal, INDEX(FILTER($B7:AC7, ISNUMBER($B7:AC7)), COUNTA(FILTER($B7:AC7, ISNUMBER($B7:AC7)))), IFERROR( IF('Résultats des tournois'!AC7="""", INDEX(FILTER($C7:AC7, ISNUMBER($C7:AC7)), COUNTA(FILTER($C7:AC7, IS"&"NUMBER($C7:AC7)))), lastVal + 'K dynamique'!AC7 * ((SQRT('Résultats des tournois'!AC$2 + 1)/'Résultats des tournois'!AC7) - (1 / (1 + 10^((AC$103 - lastVal)/400))))) ) ))"),"") | AE7: =IFERROR(__xludf.DUMMYFUNCTION("IF('Résultats des tournois'!AD$2=0,"""",LET( lastVal, INDEX(FILTER($B7:AD7, ISNUMBER($B7:AD7)), COUNTA(FILTER($B7:AD7, ISNUMBER($B7:AD7)))), IFERROR( IF('Résultats des tournois'!AD7="""", INDEX(FILTER($C7:AD7, ISNUMBER($C7:AD7)), COUNTA(FILTER($C7:AD7, IS"&"NUMBER($C7:AD7)))), lastVal + 'K dynamique'!AD7 * ((SQRT('Résultats des tournois'!AD$2 + 1)/'Résultats des tournois'!AD7) - (1 / (1 + 10^((AD$103 - lastVal)/400))))) ) ))"),"") | AF7: =IFERROR(__xludf.DUMMYFUNCTION("IF('Résultats des tournois'!AE$2=0,"""",LET( lastVal, INDEX(FILTER($B7:AE7, ISNUMBER($B7:AE7)), COUNTA(FILTER($B7:AE7, ISNUMBER($B7:AE7)))), IFERROR( IF('Résultats des tournois'!AE7="""", INDEX(FILTER($C7:AE7, ISNUMBER($C7:AE7)), COUNTA(FILTER($C7:AE7, IS"&"NUMBER($C7:AE7)))), lastVal + 'K dynamique'!AE7 * ((SQRT('Résultats des tournois'!AE$2 + 1)/'Résultats des tournois'!AE7) - (1 / (1 + 10^((AE$103 - lastVal)/400))))) ) ))"),"") | AG7: =IFERROR(__xludf.DUMMYFUNCTION("IF('Résultats des tournois'!AF$2=0,"""",LET( lastVal, INDEX(FILTER($B7:AF7, ISNUMBER($B7:AF7)), COUNTA(FILTER($B7:AF7, ISNUMBER($B7:AF7)))), IFERROR( IF('Résultats des tournois'!AF7="""", INDEX(FILTER($C7:AF7, ISNUMBER($C7:AF7)), COUNTA(FILTER($C7:AF7, IS"&"NUMBER($C7:AF7)))), lastVal + 'K dynamique'!AF7 * ((SQRT('Résultats des tournois'!AF$2 + 1)/'Résultats des tournois'!AF7) - (1 / (1 + 10^((AF$103 - lastVal)/400))))) ) ))"),"") | AH7: =IFERROR(__xludf.DUMMYFUNCTION("IF('Résultats des tournois'!AG$2=0,"""",LET( lastVal, INDEX(FILTER($B7:AG7, ISNUMBER($B7:AG7)), COUNTA(FILTER($B7:AG7, ISNUMBER($B7:AG7)))), IFERROR( IF('Résultats des tournois'!AG7="""", INDEX(FILTER($C7:AG7, ISNUMBER($C7:AG7)), COUNTA(FILTER($C7:AG7, IS"&"NUMBER($C7:AG7)))), lastVal + 'K dynamique'!AG7 * ((SQRT('Résultats des tournois'!AG$2 + 1)/'Résultats des tournois'!AG7) - (1 / (1 + 10^((AG$103 - lastVal)/400))))) ) ))"),"") | AI7: =IFERROR(__xludf.DUMMYFUNCTION("IF('Résultats des tournois'!AH$2=0,"""",LET( lastVal, INDEX(FILTER($B7:AH7, ISNUMBER($B7:AH7)), COUNTA(FILTER($B7:AH7, ISNUMBER($B7:AH7)))), IFERROR( IF('Résultats des tournois'!AH7="""", INDEX(FILTER($C7:AH7, ISNUMBER($C7:AH7)), COUNTA(FILTER($C7:AH7, IS"&"NUMBER($C7:AH7)))), lastVal + 'K dynamique'!AH7 * ((SQRT('Résultats des tournois'!AH$2 + 1)/'Résultats des tournois'!AH7) - (1 / (1 + 10^((AH$103 - lastVal)/400))))) ) ))"),"") | AJ7: =IFERROR(__xludf.DUMMYFUNCTION("IF('Résultats des tournois'!AI$2=0,"""",LET( lastVal, INDEX(FILTER($B7:AI7, ISNUMBER($B7:AI7)), COUNTA(FILTER($B7:AI7, ISNUMBER($B7:AI7)))), IFERROR( IF('Résultats des tournois'!AI7="""", INDEX(FILTER($C7:AI7, ISNUMBER($C7:AI7)), COUNTA(FILTER($C7:AI7, IS"&"NUMBER($C7:AI7)))), lastVal + 'K dynamique'!AI7 * ((SQRT('Résultats des tournois'!AI$2 + 1)/'Résultats des tournois'!AI7) - (1 / (1 + 10^((AI$103 - lastVal)/400))))) ) ))"),"") | AK7: =IFERROR(__xludf.DUMMYFUNCTION("IF('Résultats des tournois'!AJ$2=0,"""",LET( lastVal, INDEX(FILTER($B7:AJ7, ISNUMBER($B7:AJ7)), COUNTA(FILTER($B7:AJ7, ISNUMBER($B7:AJ7)))), IFERROR( IF('Résultats des tournois'!AJ7="""", INDEX(FILTER($C7:AJ7, ISNUMBER($C7:AJ7)), COUNTA(FILTER($C7:AJ7, IS"&"NUMBER($C7:AJ7)))), lastVal + 'K dynamique'!AJ7 * ((SQRT('Résultats des tournois'!AJ$2 + 1)/'Résultats des tournois'!AJ7) - (1 / (1 + 10^((AJ$103 - lastVal)/400))))) ) ))"),"") | AL7: =IFERROR(__xludf.DUMMYFUNCTION("IF('Résultats des tournois'!AK$2=0,"""",LET( lastVal, INDEX(FILTER($B7:AK7, ISNUMBER($B7:AK7)), COUNTA(FILTER($B7:AK7, ISNUMBER($B7:AK7)))), IFERROR( IF('Résultats des tournois'!AK7="""", INDEX(FILTER($C7:AK7, ISNUMBER($C7:AK7)), COUNTA(FILTER($C7:AK7, IS"&"NUMBER($C7:AK7)))), lastVal + 'K dynamique'!AK7 * ((SQRT('Résultats des tournois'!AK$2 + 1)/'Résultats des tournois'!AK7) - (1 / (1 + 10^((AK$103 - lastVal)/400))))) ) ))"),"") | AM7: =IFERROR(__xludf.DUMMYFUNCTION("IF('Résultats des tournois'!AL$2=0,"""",LET( lastVal, INDEX(FILTER($B7:AL7, ISNUMBER($B7:AL7)), COUNTA(FILTER($B7:AL7, ISNUMBER($B7:AL7)))), IFERROR( IF('Résultats des tournois'!AL7="""", INDEX(FILTER($C7:AL7, ISNUMBER($C7:AL7)), COUNTA(FILTER($C7:AL7, IS"&"NUMBER($C7:AL7)))), lastVal + 'K dynamique'!AL7 * ((SQRT('Résultats des tournois'!AL$2 + 1)/'Résultats des tournois'!AL7) - (1 / (1 + 10^((AL$103 - lastVal)/400))))) ) ))"),"") | AN7: =IFERROR(__xludf.DUMMYFUNCTION("IF('Résultats des tournois'!AM$2=0,"""",LET( lastVal, INDEX(FILTER($B7:AM7, ISNUMBER($B7:AM7)), COUNTA(FILTER($B7:AM7, ISNUMBER($B7:AM7)))), IFERROR( IF('Résultats des tournois'!AM7="""", INDEX(FILTER($C7:AM7, ISNUMBER($C7:AM7)), COUNTA(FILTER($C7:AM7, IS"&"NUMBER($C7:AM7)))), lastVal + 'K dynamique'!AM7 * ((SQRT('Résultats des tournois'!AM$2 + 1)/'Résultats des tournois'!AM7) - (1 / (1 + 10^((AM$103 - lastVal)/400))))) ) ))"),"") | AO7: =IFERROR(__xludf.DUMMYFUNCTION("IF('Résultats des tournois'!AN$2=0,"""",LET( lastVal, INDEX(FILTER($B7:AN7, ISNUMBER($B7:AN7)), COUNTA(FILTER($B7:AN7, ISNUMBER($B7:AN7)))), IFERROR( IF('Résultats des tournois'!AN7="""", INDEX(FILTER($C7:AN7, ISNUMBER($C7:AN7)), COUNTA(FILTER($C7:AN7, IS"&"NUMBER($C7:AN7)))), lastVal + 'K dynamique'!AN7 * ((SQRT('Résultats des tournois'!AN$2 + 1)/'Résultats des tournois'!AN7) - (1 / (1 + 10^((AN$103 - lastVal)/400))))) ) ))"),"") | AP7: =IFERROR(__xludf.DUMMYFUNCTION("IF('Résultats des tournois'!AO$2=0,"""",LET( lastVal, INDEX(FILTER($B7:AO7, ISNUMBER($B7:AO7)), COUNTA(FILTER($B7:AO7, ISNUMBER($B7:AO7)))), IFERROR( IF('Résultats des tournois'!AO7="""", INDEX(FILTER($C7:AO7, ISNUMBER($C7:AO7)), COUNTA(FILTER($C7:AO7, IS"&"NUMBER($C7:AO7)))), lastVal + 'K dynamique'!AO7 * ((SQRT('Résultats des tournois'!AO$2 + 1)/'Résultats des tournois'!AO7) - (1 / (1 + 10^((AO$103 - lastVal)/400))))) ) ))"),"") | AQ7: =IFERROR(__xludf.DUMMYFUNCTION("IF('Résultats des tournois'!AP$2=0,"""",LET( lastVal, INDEX(FILTER($B7:AP7, ISNUMBER($B7:AP7)), COUNTA(FILTER($B7:AP7, ISNUMBER($B7:AP7)))), IFERROR( IF('Résultats des tournois'!AP7="""", INDEX(FILTER($C7:AP7, ISNUMBER($C7:AP7)), COUNTA(FILTER($C7:AP7, IS"&"NUMBER($C7:AP7)))), lastVal + 'K dynamique'!AP7 * ((SQRT('Résultats des tournois'!AP$2 + 1)/'Résultats des tournois'!AP7) - (1 / (1 + 10^((AP$103 - lastVal)/400))))) ) ))"),"") | AR7: =IFERROR(__xludf.DUMMYFUNCTION("IF('Résultats des tournois'!AQ$2=0,"""",LET( lastVal, INDEX(FILTER($B7:AQ7, ISNUMBER($B7:AQ7)), COUNTA(FILTER($B7:AQ7, ISNUMBER($B7:AQ7)))), IFERROR( IF('Résultats des tournois'!AQ7="""", INDEX(FILTER($C7:AQ7, ISNUMBER($C7:AQ7)), COUNTA(FILTER($C7:AQ7, IS"&"NUMBER($C7:AQ7)))), lastVal + 'K dynamique'!AQ7 * ((SQRT('Résultats des tournois'!AQ$2 + 1)/'Résultats des tournois'!AQ7) - (1 / (1 + 10^((AQ$103 - lastVal)/400))))) ) ))"),"") | AS7: =IFERROR(__xludf.DUMMYFUNCTION("IF('Résultats des tournois'!AR$2=0,"""",LET( lastVal, INDEX(FILTER($B7:AR7, ISNUMBER($B7:AR7)), COUNTA(FILTER($B7:AR7, ISNUMBER($B7:AR7)))), IFERROR( IF('Résultats des tournois'!AR7="""", INDEX(FILTER($C7:AR7, ISNUMBER($C7:AR7)), COUNTA(FILTER($C7:AR7, IS"&"NUMBER($C7:AR7)))), lastVal + 'K dynamique'!AR7 * ((SQRT('Résultats des tournois'!AR$2 + 1)/'Résultats des tournois'!AR7) - (1 / (1 + 10^((AR$103 - lastVal)/400))))) ) ))"),"") | AT7: =IFERROR(__xludf.DUMMYFUNCTION("IF('Résultats des tournois'!AS$2=0,"""",LET( lastVal, INDEX(FILTER($B7:AS7, ISNUMBER($B7:AS7)), COUNTA(FILTER($B7:AS7, ISNUMBER($B7:AS7)))), IFERROR( IF('Résultats des tournois'!AS7="""", INDEX(FILTER($C7:AS7, ISNUMBER($C7:AS7)), COUNTA(FILTER($C7:AS7, IS"&"NUMBER($C7:AS7)))), lastVal + 'K dynamique'!AS7 * ((SQRT('Résultats des tournois'!AS$2 + 1)/'Résultats des tournois'!AS7) - (1 / (1 + 10^((AS$103 - lastVal)/400))))) ) ))"),"") | AU7: =IFERROR(__xludf.DUMMYFUNCTION("IF('Résultats des tournois'!AT$2=0,"""",LET( lastVal, INDEX(FILTER($B7:AT7, ISNUMBER($B7:AT7)), COUNTA(FILTER($B7:AT7, ISNUMBER($B7:AT7)))), IFERROR( IF('Résultats des tournois'!AT7="""", INDEX(FILTER($C7:AT7, ISNUMBER($C7:AT7)), COUNTA(FILTER($C7:AT7, IS"&"NUMBER($C7:AT7)))), lastVal + 'K dynamique'!AT7 * ((SQRT('Résultats des tournois'!AT$2 + 1)/'Résultats des tournois'!AT7) - (1 / (1 + 10^((AT$103 - lastVal)/400))))) ) ))"),"") | AV7: =IFERROR(__xludf.DUMMYFUNCTION("IF('Résultats des tournois'!AU$2=0,"""",LET( lastVal, INDEX(FILTER($B7:AU7, ISNUMBER($B7:AU7)), COUNTA(FILTER($B7:AU7, ISNUMBER($B7:AU7)))), IFERROR( IF('Résultats des tournois'!AU7="""", INDEX(FILTER($C7:AU7, ISNUMBER($C7:AU7)), COUNTA(FILTER($C7:AU7, IS"&"NUMBER($C7:AU7)))), lastVal + 'K dynamique'!AU7 * ((SQRT('Résultats des tournois'!AU$2 + 1)/'Résultats des tournois'!AU7) - (1 / (1 + 10^((AU$103 - lastVal)/400))))) ) ))"),"") | AW7: =IFERROR(__xludf.DUMMYFUNCTION("IF('Résultats des tournois'!AV$2=0,"""",LET( lastVal, INDEX(FILTER($B7:AV7, ISNUMBER($B7:AV7)), COUNTA(FILTER($B7:AV7, ISNUMBER($B7:AV7)))), IFERROR( IF('Résultats des tournois'!AV7="""", INDEX(FILTER($C7:AV7, ISNUMBER($C7:AV7)), COUNTA(FILTER($C7:AV7, IS"&"NUMBER($C7:AV7)))), lastVal + 'K dynamique'!AV7 * ((SQRT('Résultats des tournois'!AV$2 + 1)/'Résultats des tournois'!AV7) - (1 / (1 + 10^((AV$103 - lastVal)/400))))) ) ))"),"") | AX7: =IFERROR(__xludf.DUMMYFUNCTION("IF('Résultats des tournois'!AW$2=0,"""",LET( lastVal, INDEX(FILTER($B7:AW7, ISNUMBER($B7:AW7)), COUNTA(FILTER($B7:AW7, ISNUMBER($B7:AW7)))), IFERROR( IF('Résultats des tournois'!AW7="""", INDEX(FILTER($C7:AW7, ISNUMBER($C7:AW7)), COUNTA(FILTER($C7:AW7, IS"&"NUMBER($C7:AW7)))), lastVal + 'K dynamique'!AW7 * ((SQRT('Résultats des tournois'!AW$2 + 1)/'Résultats des tournois'!AW7) - (1 / (1 + 10^((AW$103 - lastVal)/400))))) ) ))"),"") | AY7: =IFERROR(__xludf.DUMMYFUNCTION("IF('Résultats des tournois'!AX$2=0,"""",LET( lastVal, INDEX(FILTER($B7:AX7, ISNUMBER($B7:AX7)), COUNTA(FILTER($B7:AX7, ISNUMBER($B7:AX7)))), IFERROR( IF('Résultats des tournois'!AX7="""", INDEX(FILTER($C7:AX7, ISNUMBER($C7:AX7)), COUNTA(FILTER($C7:AX7, IS"&"NUMBER($C7:AX7)))), lastVal + 'K dynamique'!AX7 * ((SQRT('Résultats des tournois'!AX$2 + 1)/'Résultats des tournois'!AX7) - (1 / (1 + 10^((AX$103 - lastVal)/400))))) ) ))"),"") | AZ7: {=IF(MAX(($C7:AY7<>"")*COLUMN($C7:AY7))=0,"",INDEX($C7:AY7,1,MAX(($C7:AY7<>"")*COLUMN($C7:AY7))-COLUMN($C7)+1))} -> 1608.3473 | BA7: =IF(ISNUMBER(AZ7),RANK(AZ7,$AZ$4:$AZ$102,0),"") -> 9
A8: =IF('Résultats des tournois'!A8="","",'Résultats des tournois'!A8) -> Howie | B8: 1500 | C8: =IF('Résultats des tournois'!B8="","",B8+'K dynamique'!B8*((SQRT('Résultats des tournois'!B$2+1)/'Résultats des tournois'!B8)-(1/(1+10^((B8-B8)/400))))) -> 1543.8665 | D8: =IFERROR(__xludf.DUMMYFUNCTION("IF('Résultats des tournois'!C$2=0,"""",LET( lastVal, INDEX(FILTER($B8:C8, ISNUMBER($B8:C8)), COUNTA(FILTER($B8:C8, ISNUMBER($B8:C8)))), IFERROR( IF('Résultats des tournois'!C8="""", INDEX(FILTER($C8:C8, ISNUMBER($C8:C8)), COUNTA(FILTER($C8:C8, ISNUMBER($C"&"8:C8)))), lastVal + 'K dynamique'!C8 * ((SQRT('Résultats des tournois'!C$2 + 1)/'Résultats des tournois'!C8) - (1 / (1 + 10^((C$103 - lastVal)/400))))) ) ))"),1543.866518188383) -> 1543.8665 | E8: =IFERROR(__xludf.DUMMYFUNCTION("IF('Résultats des tournois'!D$2=0,"""",LET( lastVal, INDEX(FILTER($B8:D8, ISNUMBER($B8:D8)), COUNTA(FILTER($B8:D8, ISNUMBER($B8:D8)))), IFERROR( IF('Résultats des tournois'!D8="""", INDEX(FILTER($C8:D8, ISNUMBER($C8:D8)), COUNTA(FILTER($C8:D8, ISNUMBER($C"&"8:D8)))), lastVal + 'K dynamique'!D8 * ((SQRT('Résultats des tournois'!D$2 + 1)/'Résultats des tournois'!D8) - (1 / (1 + 10^((D$103 - lastVal)/400))))) ) ))"),1542.430853232949) -> 1542.4309 | F8: =IFERROR(__xludf.DUMMYFUNCTION("IF('Résultats des tournois'!E$2=0,"""",LET( lastVal, INDEX(FILTER($B8:E8, ISNUMBER($B8:E8)), COUNTA(FILTER($B8:E8, ISNUMBER($B8:E8)))), IFERROR( IF('Résultats des tournois'!E8="""", INDEX(FILTER($C8:E8, ISNUMBER($C8:E8)), COUNTA(FILTER($C8:E8, ISNUMBER($C"&"8:E8)))), lastVal + 'K dynamique'!E8 * ((SQRT('Résultats des tournois'!E$2 + 1)/'Résultats des tournois'!E8) - (1 / (1 + 10^((E$103 - lastVal)/400))))) ) ))"),1542.430853232949) -> 1542.4309 | G8: =IFERROR(__xludf.DUMMYFUNCTION("IF('Résultats des tournois'!F$2=0,"""",LET( lastVal, INDEX(FILTER($B8:F8, ISNUMBER($B8:F8)), COUNTA(FILTER($B8:F8, ISNUMBER($B8:F8)))), IFERROR( IF('Résultats des tournois'!F8="""", INDEX(FILTER($C8:F8, ISNUMBER($C8:F8)), COUNTA(FILTER($C8:F8, ISNUMBER($C"&"8:F8)))), lastVal + 'K dynamique'!F8 * ((SQRT('Résultats des tournois'!F$2 + 1)/'Résultats des tournois'!F8) - (1 / (1 + 10^((F$103 - lastVal)/400))))) ) ))"),1542.430853232949) -> 1542.4309 | H8: =IFERROR(__xludf.DUMMYFUNCTION("IF('Résultats des tournois'!G$2=0,"""",LET( lastVal, INDEX(FILTER($B8:G8, ISNUMBER($B8:G8)), COUNTA(FILTER($B8:G8, ISNUMBER($B8:G8)))), IFERROR( IF('Résultats des tournois'!G8="""", INDEX(FILTER($C8:G8, ISNUMBER($C8:G8)), COUNTA(FILTER($C8:G8, ISNUMBER($C"&"8:G8)))), lastVal + 'K dynamique'!G8 * ((SQRT('Résultats des tournois'!G$2 + 1)/'Résultats des tournois'!G8) - (1 / (1 + 10^((G$103 - lastVal)/400))))) ) ))"),1542.430853232949) -> 1542.4309 | I8: =IFERROR(__xludf.DUMMYFUNCTION("IF('Résultats des tournois'!H$2=0,"""",LET( lastVal, INDEX(FILTER($B8:H8, ISNUMBER($B8:H8)), COUNTA(FILTER($B8:H8, ISNUMBER($B8:H8)))), IFERROR( IF('Résultats des tournois'!H8="""", INDEX(FILTER($C8:H8, ISNUMBER($C8:H8)), COUNTA(FILTER($C8:H8, ISNUMBER($C"&"8:H8)))), lastVal + 'K dynamique'!H8 * ((SQRT('Résultats des tournois'!H$2 + 1)/'Résultats des tournois'!H8) - (1 / (1 + 10^((H$103 - lastVal)/400))))) ) ))"),1542.430853232949) -> 1542.4309 | J8: =IFERROR(__xludf.DUMMYFUNCTION("IF('Résultats des tournois'!I$2=0,"""",LET( lastVal, INDEX(FILTER($B8:I8, ISNUMBER($B8:I8)), COUNTA(FILTER($B8:I8, ISNUMBER($B8:I8)))), IFERROR( IF('Résultats des tournois'!I8="""", INDEX(FILTER($C8:I8, ISNUMBER($C8:I8)), COUNTA(FILTER($C8:I8, ISNUMBER($C"&"8:I8)))), lastVal + 'K dynamique'!I8 * ((SQRT('Résultats des tournois'!I$2 + 1)/'Résultats des tournois'!I8) - (1 / (1 + 10^((I$103 - lastVal)/400))))) ) ))"),1542.430853232949) -> 1542.4309 | K8: =IFERROR(__xludf.DUMMYFUNCTION("IF('Résultats des tournois'!J$2=0,"""",LET( lastVal, INDEX(FILTER($B8:J8, ISNUMBER($B8:J8)), COUNTA(FILTER($B8:J8, ISNUMBER($B8:J8)))), IFERROR( IF('Résultats des tournois'!J8="""", INDEX(FILTER($C8:J8, ISNUMBER($C8:J8)), COUNTA(FILTER($C8:J8, ISNUMBER($C"&"8:J8)))), lastVal + 'K dynamique'!J8 * ((SQRT('Résultats des tournois'!J$2 + 1)/'Résultats des tournois'!J8) - (1 / (1 + 10^((J$103 - lastVal)/400))))) ) ))"),1542.430853232949) -> 1542.4309 | L8: =IFERROR(__xludf.DUMMYFUNCTION("IF('Résultats des tournois'!K$2=0,"""",LET( lastVal, INDEX(FILTER($B8:K8, ISNUMBER($B8:K8)), COUNTA(FILTER($B8:K8, ISNUMBER($B8:K8)))), IFERROR( IF('Résultats des tournois'!K8="""", INDEX(FILTER($C8:K8, ISNUMBER($C8:K8)), COUNTA(FILTER($C8:K8, ISNUMBER($C"&"8:K8)))), lastVal + 'K dynamique'!K8 * ((SQRT('Résultats des tournois'!K$2 + 1)/'Résultats des tournois'!K8) - (1 / (1 + 10^((K$103 - lastVal)/400))))) ) ))"),1542.430853232949) -> 1542.4309 | M8: =IFERROR(__xludf.DUMMYFUNCTION("IF('Résultats des tournois'!L$2=0,"""",LET( lastVal, INDEX(FILTER($B8:L8, ISNUMBER($B8:L8)), COUNTA(FILTER($B8:L8, ISNUMBER($B8:L8)))), IFERROR( IF('Résultats des tournois'!L8="""", INDEX(FILTER($C8:L8, ISNUMBER($C8:L8)), COUNTA(FILTER($C8:L8, ISNUMBER($C"&"8:L8)))), lastVal + 'K dynamique'!L8 * ((SQRT('Résultats des tournois'!L$2 + 1)/'Résultats des tournois'!L8) - (1 / (1 + 10^((L$103 - lastVal)/400))))) ) ))"),1542.430853232949) -> 1542.4309 | N8: =IFERROR(__xludf.DUMMYFUNCTION("IF('Résultats des tournois'!M$2=0,"""",LET( lastVal, INDEX(FILTER($B8:M8, ISNUMBER($B8:M8)), COUNTA(FILTER($B8:M8, ISNUMBER($B8:M8)))), IFERROR( IF('Résultats des tournois'!M8="""", INDEX(FILTER($C8:M8, ISNUMBER($C8:M8)), COUNTA(FILTER($C8:M8, ISNUMBER($C"&"8:M8)))), lastVal + 'K dynamique'!M8 * ((SQRT('Résultats des tournois'!M$2 + 1)/'Résultats des tournois'!M8) - (1 / (1 + 10^((M$103 - lastVal)/400))))) ) ))"),"") | O8: =IFERROR(__xludf.DUMMYFUNCTION("IF('Résultats des tournois'!N$2=0,"""",LET( lastVal, INDEX(FILTER($B8:N8, ISNUMBER($B8:N8)), COUNTA(FILTER($B8:N8, ISNUMBER($B8:N8)))), IFERROR( IF('Résultats des tournois'!N8="""", INDEX(FILTER($C8:N8, ISNUMBER($C8:N8)), COUNTA(FILTER($C8:N8, ISNUMBER($C"&"8:N8)))), lastVal + 'K dynamique'!N8 * ((SQRT('Résultats des tournois'!N$2 + 1)/'Résultats des tournois'!N8) - (1 / (1 + 10^((N$103 - lastVal)/400))))) ) ))"),"") | P8: =IFERROR(__xludf.DUMMYFUNCTION("IF('Résultats des tournois'!O$2=0,"""",LET( lastVal, INDEX(FILTER($B8:O8, ISNUMBER($B8:O8)), COUNTA(FILTER($B8:O8, ISNUMBER($B8:O8)))), IFERROR( IF('Résultats des tournois'!O8="""", INDEX(FILTER($C8:O8, ISNUMBER($C8:O8)), COUNTA(FILTER($C8:O8, ISNUMBER($C"&"8:O8)))), lastVal + 'K dynamique'!O8 * ((SQRT('Résultats des tournois'!O$2 + 1)/'Résultats des tournois'!O8) - (1 / (1 + 10^((O$103 - lastVal)/400))))) ) ))"),"") | Q8: =IFERROR(__xludf.DUMMYFUNCTION("IF('Résultats des tournois'!P$2=0,"""",LET( lastVal, INDEX(FILTER($B8:P8, ISNUMBER($B8:P8)), COUNTA(FILTER($B8:P8, ISNUMBER($B8:P8)))), IFERROR( IF('Résultats des tournois'!P8="""", INDEX(FILTER($C8:P8, ISNUMBER($C8:P8)), COUNTA(FILTER($C8:P8, ISNUMBER($C"&"8:P8)))), lastVal + 'K dynamique'!P8 * ((SQRT('Résultats des tournois'!P$2 + 1)/'Résultats des tournois'!P8) - (1 / (1 + 10^((P$103 - lastVal)/400))))) ) ))"),"") | R8: =IFERROR(__xludf.DUMMYFUNCTION("IF('Résultats des tournois'!Q$2=0,"""",LET( lastVal, INDEX(FILTER($B8:Q8, ISNUMBER($B8:Q8)), COUNTA(FILTER($B8:Q8, ISNUMBER($B8:Q8)))), IFERROR( IF('Résultats des tournois'!Q8="""", INDEX(FILTER($C8:Q8, ISNUMBER($C8:Q8)), COUNTA(FILTER($C8:Q8, ISNUMBER($C"&"8:Q8)))), lastVal + 'K dynamique'!Q8 * ((SQRT('Résultats des tournois'!Q$2 + 1)/'Résultats des tournois'!Q8) - (1 / (1 + 10^((Q$103 - lastVal)/400))))) ) ))"),"") | S8: =IFERROR(__xludf.DUMMYFUNCTION("IF('Résultats des tournois'!R$2=0,"""",LET( lastVal, INDEX(FILTER($B8:R8, ISNUMBER($B8:R8)), COUNTA(FILTER($B8:R8, ISNUMBER($B8:R8)))), IFERROR( IF('Résultats des tournois'!R8="""", INDEX(FILTER($C8:R8, ISNUMBER($C8:R8)), COUNTA(FILTER($C8:R8, ISNUMBER($C"&"8:R8)))), lastVal + 'K dynamique'!R8 * ((SQRT('Résultats des tournois'!R$2 + 1)/'Résultats des tournois'!R8) - (1 / (1 + 10^((R$103 - lastVal)/400))))) ) ))"),"") | T8: =IFERROR(__xludf.DUMMYFUNCTION("IF('Résultats des tournois'!S$2=0,"""",LET( lastVal, INDEX(FILTER($B8:S8, ISNUMBER($B8:S8)), COUNTA(FILTER($B8:S8, ISNUMBER($B8:S8)))), IFERROR( IF('Résultats des tournois'!S8="""", INDEX(FILTER($C8:S8, ISNUMBER($C8:S8)), COUNTA(FILTER($C8:S8, ISNUMBER($C"&"8:S8)))), lastVal + 'K dynamique'!S8 * ((SQRT('Résultats des tournois'!S$2 + 1)/'Résultats des tournois'!S8) - (1 / (1 + 10^((S$103 - lastVal)/400))))) ) ))"),"") | U8: =IFERROR(__xludf.DUMMYFUNCTION("IF('Résultats des tournois'!T$2=0,"""",LET( lastVal, INDEX(FILTER($B8:T8, ISNUMBER($B8:T8)), COUNTA(FILTER($B8:T8, ISNUMBER($B8:T8)))), IFERROR( IF('Résultats des tournois'!T8="""", INDEX(FILTER($C8:T8, ISNUMBER($C8:T8)), COUNTA(FILTER($C8:T8, ISNUMBER($C"&"8:T8)))), lastVal + 'K dynamique'!T8 * ((SQRT('Résultats des tournois'!T$2 + 1)/'Résultats des tournois'!T8) - (1 / (1 + 10^((T$103 - lastVal)/400))))) ) ))"),"") | V8: =IFERROR(__xludf.DUMMYFUNCTION("IF('Résultats des tournois'!U$2=0,"""",LET( lastVal, INDEX(FILTER($B8:U8, ISNUMBER($B8:U8)), COUNTA(FILTER($B8:U8, ISNUMBER($B8:U8)))), IFERROR( IF('Résultats des tournois'!U8="""", INDEX(FILTER($C8:U8, ISNUMBER($C8:U8)), COUNTA(FILTER($C8:U8, ISNUMBER($C"&"8:U8)))), lastVal + 'K dynamique'!U8 * ((SQRT('Résultats des tournois'!U$2 + 1)/'Résultats des tournois'!U8) - (1 / (1 + 10^((U$103 - lastVal)/400))))) ) ))"),"") | W8: =IFERROR(__xludf.DUMMYFUNCTION("IF('Résultats des tournois'!V$2=0,"""",LET( lastVal, INDEX(FILTER($B8:V8, ISNUMBER($B8:V8)), COUNTA(FILTER($B8:V8, ISNUMBER($B8:V8)))), IFERROR( IF('Résultats des tournois'!V8="""", INDEX(FILTER($C8:V8, ISNUMBER($C8:V8)), COUNTA(FILTER($C8:V8, ISNUMBER($C"&"8:V8)))), lastVal + 'K dynamique'!V8 * ((SQRT('Résultats des tournois'!V$2 + 1)/'Résultats des tournois'!V8) - (1 / (1 + 10^((V$103 - lastVal)/400))))) ) ))"),"") | X8: =IFERROR(__xludf.DUMMYFUNCTION("IF('Résultats des tournois'!W$2=0,"""",LET( lastVal, INDEX(FILTER($B8:W8, ISNUMBER($B8:W8)), COUNTA(FILTER($B8:W8, ISNUMBER($B8:W8)))), IFERROR( IF('Résultats des tournois'!W8="""", INDEX(FILTER($C8:W8, ISNUMBER($C8:W8)), COUNTA(FILTER($C8:W8, ISNUMBER($C"&"8:W8)))), lastVal + 'K dynamique'!W8 * ((SQRT('Résultats des tournois'!W$2 + 1)/'Résultats des tournois'!W8) - (1 / (1 + 10^((W$103 - lastVal)/400))))) ) ))"),"") | Y8: =IFERROR(__xludf.DUMMYFUNCTION("IF('Résultats des tournois'!X$2=0,"""",LET( lastVal, INDEX(FILTER($B8:X8, ISNUMBER($B8:X8)), COUNTA(FILTER($B8:X8, ISNUMBER($B8:X8)))), IFERROR( IF('Résultats des tournois'!X8="""", INDEX(FILTER($C8:X8, ISNUMBER($C8:X8)), COUNTA(FILTER($C8:X8, ISNUMBER($C"&"8:X8)))), lastVal + 'K dynamique'!X8 * ((SQRT('Résultats des tournois'!X$2 + 1)/'Résultats des tournois'!X8) - (1 / (1 + 10^((X$103 - lastVal)/400))))) ) ))"),"") | Z8: =IFERROR(__xludf.DUMMYFUNCTION("IF('Résultats des tournois'!Y$2=0,"""",LET( lastVal, INDEX(FILTER($B8:Y8, ISNUMBER($B8:Y8)), COUNTA(FILTER($B8:Y8, ISNUMBER($B8:Y8)))), IFERROR( IF('Résultats des tournois'!Y8="""", INDEX(FILTER($C8:Y8, ISNUMBER($C8:Y8)), COUNTA(FILTER($C8:Y8, ISNUMBER($C"&"8:Y8)))), lastVal + 'K dynamique'!Y8 * ((SQRT('Résultats des tournois'!Y$2 + 1)/'Résultats des tournois'!Y8) - (1 / (1 + 10^((Y$103 - lastVal)/400))))) ) ))"),"") | AA8: =IFERROR(__xludf.DUMMYFUNCTION("IF('Résultats des tournois'!Z$2=0,"""",LET( lastVal, INDEX(FILTER($B8:Z8, ISNUMBER($B8:Z8)), COUNTA(FILTER($B8:Z8, ISNUMBER($B8:Z8)))), IFERROR( IF('Résultats des tournois'!Z8="""", INDEX(FILTER($C8:Z8, ISNUMBER($C8:Z8)), COUNTA(FILTER($C8:Z8, ISNUMBER($C"&"8:Z8)))), lastVal + 'K dynamique'!Z8 * ((SQRT('Résultats des tournois'!Z$2 + 1)/'Résultats des tournois'!Z8) - (1 / (1 + 10^((Z$103 - lastVal)/400))))) ) ))"),"") | AB8: =IFERROR(__xludf.DUMMYFUNCTION("IF('Résultats des tournois'!AA$2=0,"""",LET( lastVal, INDEX(FILTER($B8:AA8, ISNUMBER($B8:AA8)), COUNTA(FILTER($B8:AA8, ISNUMBER($B8:AA8)))), IFERROR( IF('Résultats des tournois'!AA8="""", INDEX(FILTER($C8:AA8, ISNUMBER($C8:AA8)), COUNTA(FILTER($C8:AA8, IS"&"NUMBER($C8:AA8)))), lastVal + 'K dynamique'!AA8 * ((SQRT('Résultats des tournois'!AA$2 + 1)/'Résultats des tournois'!AA8) - (1 / (1 + 10^((AA$103 - lastVal)/400))))) ) ))"),"") | AC8: =IFERROR(__xludf.DUMMYFUNCTION("IF('Résultats des tournois'!AB$2=0,"""",LET( lastVal, INDEX(FILTER($B8:AB8, ISNUMBER($B8:AB8)), COUNTA(FILTER($B8:AB8, ISNUMBER($B8:AB8)))), IFERROR( IF('Résultats des tournois'!AB8="""", INDEX(FILTER($C8:AB8, ISNUMBER($C8:AB8)), COUNTA(FILTER($C8:AB8, IS"&"NUMBER($C8:AB8)))), lastVal + 'K dynamique'!AB8 * ((SQRT('Résultats des tournois'!AB$2 + 1)/'Résultats des tournois'!AB8) - (1 / (1 + 10^((AB$103 - lastVal)/400))))) ) ))"),"") | AD8: =IFERROR(__xludf.DUMMYFUNCTION("IF('Résultats des tournois'!AC$2=0,"""",LET( lastVal, INDEX(FILTER($B8:AC8, ISNUMBER($B8:AC8)), COUNTA(FILTER($B8:AC8, ISNUMBER($B8:AC8)))), IFERROR( IF('Résultats des tournois'!AC8="""", INDEX(FILTER($C8:AC8, ISNUMBER($C8:AC8)), COUNTA(FILTER($C8:AC8, IS"&"NUMBER($C8:AC8)))), lastVal + 'K dynamique'!AC8 * ((SQRT('Résultats des tournois'!AC$2 + 1)/'Résultats des tournois'!AC8) - (1 / (1 + 10^((AC$103 - lastVal)/400))))) ) ))"),"") | AE8: =IFERROR(__xludf.DUMMYFUNCTION("IF('Résultats des tournois'!AD$2=0,"""",LET( lastVal, INDEX(FILTER($B8:AD8, ISNUMBER($B8:AD8)), COUNTA(FILTER($B8:AD8, ISNUMBER($B8:AD8)))), IFERROR( IF('Résultats des tournois'!AD8="""", INDEX(FILTER($C8:AD8, ISNUMBER($C8:AD8)), COUNTA(FILTER($C8:AD8, IS"&"NUMBER($C8:AD8)))), lastVal + 'K dynamique'!AD8 * ((SQRT('Résultats des tournois'!AD$2 + 1)/'Résultats des tournois'!AD8) - (1 / (1 + 10^((AD$103 - lastVal)/400))))) ) ))"),"") | AF8: =IFERROR(__xludf.DUMMYFUNCTION("IF('Résultats des tournois'!AE$2=0,"""",LET( lastVal, INDEX(FILTER($B8:AE8, ISNUMBER($B8:AE8)), COUNTA(FILTER($B8:AE8, ISNUMBER($B8:AE8)))), IFERROR( IF('Résultats des tournois'!AE8="""", INDEX(FILTER($C8:AE8, ISNUMBER($C8:AE8)), COUNTA(FILTER($C8:AE8, IS"&"NUMBER($C8:AE8)))), lastVal + 'K dynamique'!AE8 * ((SQRT('Résultats des tournois'!AE$2 + 1)/'Résultats des tournois'!AE8) - (1 / (1 + 10^((AE$103 - lastVal)/400))))) ) ))"),"") | AG8: =IFERROR(__xludf.DUMMYFUNCTION("IF('Résultats des tournois'!AF$2=0,"""",LET( lastVal, INDEX(FILTER($B8:AF8, ISNUMBER($B8:AF8)), COUNTA(FILTER($B8:AF8, ISNUMBER($B8:AF8)))), IFERROR( IF('Résultats des tournois'!AF8="""", INDEX(FILTER($C8:AF8, ISNUMBER($C8:AF8)), COUNTA(FILTER($C8:AF8, IS"&"NUMBER($C8:AF8)))), lastVal + 'K dynamique'!AF8 * ((SQRT('Résultats des tournois'!AF$2 + 1)/'Résultats des tournois'!AF8) - (1 / (1 + 10^((AF$103 - lastVal)/400))))) ) ))"),"") | AH8: =IFERROR(__xludf.DUMMYFUNCTION("IF('Résultats des tournois'!AG$2=0,"""",LET( lastVal, INDEX(FILTER($B8:AG8, ISNUMBER($B8:AG8)), COUNTA(FILTER($B8:AG8, ISNUMBER($B8:AG8)))), IFERROR( IF('Résultats des tournois'!AG8="""", INDEX(FILTER($C8:AG8, ISNUMBER($C8:AG8)), COUNTA(FILTER($C8:AG8, IS"&"NUMBER($C8:AG8)))), lastVal + 'K dynamique'!AG8 * ((SQRT('Résultats des tournois'!AG$2 + 1)/'Résultats des tournois'!AG8) - (1 / (1 + 10^((AG$103 - lastVal)/400))))) ) ))"),"") | AI8: =IFERROR(__xludf.DUMMYFUNCTION("IF('Résultats des tournois'!AH$2=0,"""",LET( lastVal, INDEX(FILTER($B8:AH8, ISNUMBER($B8:AH8)), COUNTA(FILTER($B8:AH8, ISNUMBER($B8:AH8)))), IFERROR( IF('Résultats des tournois'!AH8="""", INDEX(FILTER($C8:AH8, ISNUMBER($C8:AH8)), COUNTA(FILTER($C8:AH8, IS"&"NUMBER($C8:AH8)))), lastVal + 'K dynamique'!AH8 * ((SQRT('Résultats des tournois'!AH$2 + 1)/'Résultats des tournois'!AH8) - (1 / (1 + 10^((AH$103 - lastVal)/400))))) ) ))"),"") | AJ8: =IFERROR(__xludf.DUMMYFUNCTION("IF('Résultats des tournois'!AI$2=0,"""",LET( lastVal, INDEX(FILTER($B8:AI8, ISNUMBER($B8:AI8)), COUNTA(FILTER($B8:AI8, ISNUMBER($B8:AI8)))), IFERROR( IF('Résultats des tournois'!AI8="""", INDEX(FILTER($C8:AI8, ISNUMBER($C8:AI8)), COUNTA(FILTER($C8:AI8, IS"&"NUMBER($C8:AI8)))), lastVal + 'K dynamique'!AI8 * ((SQRT('Résultats des tournois'!AI$2 + 1)/'Résultats des tournois'!AI8) - (1 / (1 + 10^((AI$103 - lastVal)/400))))) ) ))"),"") | AK8: =IFERROR(__xludf.DUMMYFUNCTION("IF('Résultats des tournois'!AJ$2=0,"""",LET( lastVal, INDEX(FILTER($B8:AJ8, ISNUMBER($B8:AJ8)), COUNTA(FILTER($B8:AJ8, ISNUMBER($B8:AJ8)))), IFERROR( IF('Résultats des tournois'!AJ8="""", INDEX(FILTER($C8:AJ8, ISNUMBER($C8:AJ8)), COUNTA(FILTER($C8:AJ8, IS"&"NUMBER($C8:AJ8)))), lastVal + 'K dynamique'!AJ8 * ((SQRT('Résultats des tournois'!AJ$2 + 1)/'Résultats des tournois'!AJ8) - (1 / (1 + 10^((AJ$103 - lastVal)/400))))) ) ))"),"") | AL8: =IFERROR(__xludf.DUMMYFUNCTION("IF('Résultats des tournois'!AK$2=0,"""",LET( lastVal, INDEX(FILTER($B8:AK8, ISNUMBER($B8:AK8)), COUNTA(FILTER($B8:AK8, ISNUMBER($B8:AK8)))), IFERROR( IF('Résultats des tournois'!AK8="""", INDEX(FILTER($C8:AK8, ISNUMBER($C8:AK8)), COUNTA(FILTER($C8:AK8, IS"&"NUMBER($C8:AK8)))), lastVal + 'K dynamique'!AK8 * ((SQRT('Résultats des tournois'!AK$2 + 1)/'Résultats des tournois'!AK8) - (1 / (1 + 10^((AK$103 - lastVal)/400))))) ) ))"),"") | AM8: =IFERROR(__xludf.DUMMYFUNCTION("IF('Résultats des tournois'!AL$2=0,"""",LET( lastVal, INDEX(FILTER($B8:AL8, ISNUMBER($B8:AL8)), COUNTA(FILTER($B8:AL8, ISNUMBER($B8:AL8)))), IFERROR( IF('Résultats des tournois'!AL8="""", INDEX(FILTER($C8:AL8, ISNUMBER($C8:AL8)), COUNTA(FILTER($C8:AL8, IS"&"NUMBER($C8:AL8)))), lastVal + 'K dynamique'!AL8 * ((SQRT('Résultats des tournois'!AL$2 + 1)/'Résultats des tournois'!AL8) - (1 / (1 + 10^((AL$103 - lastVal)/400))))) ) ))"),"") | AN8: =IFERROR(__xludf.DUMMYFUNCTION("IF('Résultats des tournois'!AM$2=0,"""",LET( lastVal, INDEX(FILTER($B8:AM8, ISNUMBER($B8:AM8)), COUNTA(FILTER($B8:AM8, ISNUMBER($B8:AM8)))), IFERROR( IF('Résultats des tournois'!AM8="""", INDEX(FILTER($C8:AM8, ISNUMBER($C8:AM8)), COUNTA(FILTER($C8:AM8, IS"&"NUMBER($C8:AM8)))), lastVal + 'K dynamique'!AM8 * ((SQRT('Résultats des tournois'!AM$2 + 1)/'Résultats des tournois'!AM8) - (1 / (1 + 10^((AM$103 - lastVal)/400))))) ) ))"),"") | AO8: =IFERROR(__xludf.DUMMYFUNCTION("IF('Résultats des tournois'!AN$2=0,"""",LET( lastVal, INDEX(FILTER($B8:AN8, ISNUMBER($B8:AN8)), COUNTA(FILTER($B8:AN8, ISNUMBER($B8:AN8)))), IFERROR( IF('Résultats des tournois'!AN8="""", INDEX(FILTER($C8:AN8, ISNUMBER($C8:AN8)), COUNTA(FILTER($C8:AN8, IS"&"NUMBER($C8:AN8)))), lastVal + 'K dynamique'!AN8 * ((SQRT('Résultats des tournois'!AN$2 + 1)/'Résultats des tournois'!AN8) - (1 / (1 + 10^((AN$103 - lastVal)/400))))) ) ))"),"") | AP8: =IFERROR(__xludf.DUMMYFUNCTION("IF('Résultats des tournois'!AO$2=0,"""",LET( lastVal, INDEX(FILTER($B8:AO8, ISNUMBER($B8:AO8)), COUNTA(FILTER($B8:AO8, ISNUMBER($B8:AO8)))), IFERROR( IF('Résultats des tournois'!AO8="""", INDEX(FILTER($C8:AO8, ISNUMBER($C8:AO8)), COUNTA(FILTER($C8:AO8, IS"&"NUMBER($C8:AO8)))), lastVal + 'K dynamique'!AO8 * ((SQRT('Résultats des tournois'!AO$2 + 1)/'Résultats des tournois'!AO8) - (1 / (1 + 10^((AO$103 - lastVal)/400))))) ) ))"),"") | AQ8: =IFERROR(__xludf.DUMMYFUNCTION("IF('Résultats des tournois'!AP$2=0,"""",LET( lastVal, INDEX(FILTER($B8:AP8, ISNUMBER($B8:AP8)), COUNTA(FILTER($B8:AP8, ISNUMBER($B8:AP8)))), IFERROR( IF('Résultats des tournois'!AP8="""", INDEX(FILTER($C8:AP8, ISNUMBER($C8:AP8)), COUNTA(FILTER($C8:AP8, IS"&"NUMBER($C8:AP8)))), lastVal + 'K dynamique'!AP8 * ((SQRT('Résultats des tournois'!AP$2 + 1)/'Résultats des tournois'!AP8) - (1 / (1 + 10^((AP$103 - lastVal)/400))))) ) ))"),"") | AR8: =IFERROR(__xludf.DUMMYFUNCTION("IF('Résultats des tournois'!AQ$2=0,"""",LET( lastVal, INDEX(FILTER($B8:AQ8, ISNUMBER($B8:AQ8)), COUNTA(FILTER($B8:AQ8, ISNUMBER($B8:AQ8)))), IFERROR( IF('Résultats des tournois'!AQ8="""", INDEX(FILTER($C8:AQ8, ISNUMBER($C8:AQ8)), COUNTA(FILTER($C8:AQ8, IS"&"NUMBER($C8:AQ8)))), lastVal + 'K dynamique'!AQ8 * ((SQRT('Résultats des tournois'!AQ$2 + 1)/'Résultats des tournois'!AQ8) - (1 / (1 + 10^((AQ$103 - lastVal)/400))))) ) ))"),"") | AS8: =IFERROR(__xludf.DUMMYFUNCTION("IF('Résultats des tournois'!AR$2=0,"""",LET( lastVal, INDEX(FILTER($B8:AR8, ISNUMBER($B8:AR8)), COUNTA(FILTER($B8:AR8, ISNUMBER($B8:AR8)))), IFERROR( IF('Résultats des tournois'!AR8="""", INDEX(FILTER($C8:AR8, ISNUMBER($C8:AR8)), COUNTA(FILTER($C8:AR8, IS"&"NUMBER($C8:AR8)))), lastVal + 'K dynamique'!AR8 * ((SQRT('Résultats des tournois'!AR$2 + 1)/'Résultats des tournois'!AR8) - (1 / (1 + 10^((AR$103 - lastVal)/400))))) ) ))"),"") | AT8: =IFERROR(__xludf.DUMMYFUNCTION("IF('Résultats des tournois'!AS$2=0,"""",LET( lastVal, INDEX(FILTER($B8:AS8, ISNUMBER($B8:AS8)), COUNTA(FILTER($B8:AS8, ISNUMBER($B8:AS8)))), IFERROR( IF('Résultats des tournois'!AS8="""", INDEX(FILTER($C8:AS8, ISNUMBER($C8:AS8)), COUNTA(FILTER($C8:AS8, IS"&"NUMBER($C8:AS8)))), lastVal + 'K dynamique'!AS8 * ((SQRT('Résultats des tournois'!AS$2 + 1)/'Résultats des tournois'!AS8) - (1 / (1 + 10^((AS$103 - lastVal)/400))))) ) ))"),"") | AU8: =IFERROR(__xludf.DUMMYFUNCTION("IF('Résultats des tournois'!AT$2=0,"""",LET( lastVal, INDEX(FILTER($B8:AT8, ISNUMBER($B8:AT8)), COUNTA(FILTER($B8:AT8, ISNUMBER($B8:AT8)))), IFERROR( IF('Résultats des tournois'!AT8="""", INDEX(FILTER($C8:AT8, ISNUMBER($C8:AT8)), COUNTA(FILTER($C8:AT8, IS"&"NUMBER($C8:AT8)))), lastVal + 'K dynamique'!AT8 * ((SQRT('Résultats des tournois'!AT$2 + 1)/'Résultats des tournois'!AT8) - (1 / (1 + 10^((AT$103 - lastVal)/400))))) ) ))"),"") | AV8: =IFERROR(__xludf.DUMMYFUNCTION("IF('Résultats des tournois'!AU$2=0,"""",LET( lastVal, INDEX(FILTER($B8:AU8, ISNUMBER($B8:AU8)), COUNTA(FILTER($B8:AU8, ISNUMBER($B8:AU8)))), IFERROR( IF('Résultats des tournois'!AU8="""", INDEX(FILTER($C8:AU8, ISNUMBER($C8:AU8)), COUNTA(FILTER($C8:AU8, IS"&"NUMBER($C8:AU8)))), lastVal + 'K dynamique'!AU8 * ((SQRT('Résultats des tournois'!AU$2 + 1)/'Résultats des tournois'!AU8) - (1 / (1 + 10^((AU$103 - lastVal)/400))))) ) ))"),"") | AW8: =IFERROR(__xludf.DUMMYFUNCTION("IF('Résultats des tournois'!AV$2=0,"""",LET( lastVal, INDEX(FILTER($B8:AV8, ISNUMBER($B8:AV8)), COUNTA(FILTER($B8:AV8, ISNUMBER($B8:AV8)))), IFERROR( IF('Résultats des tournois'!AV8="""", INDEX(FILTER($C8:AV8, ISNUMBER($C8:AV8)), COUNTA(FILTER($C8:AV8, IS"&"NUMBER($C8:AV8)))), lastVal + 'K dynamique'!AV8 * ((SQRT('Résultats des tournois'!AV$2 + 1)/'Résultats des tournois'!AV8) - (1 / (1 + 10^((AV$103 - lastVal)/400))))) ) ))"),"") | AX8: =IFERROR(__xludf.DUMMYFUNCTION("IF('Résultats des tournois'!AW$2=0,"""",LET( lastVal, INDEX(FILTER($B8:AW8, ISNUMBER($B8:AW8)), COUNTA(FILTER($B8:AW8, ISNUMBER($B8:AW8)))), IFERROR( IF('Résultats des tournois'!AW8="""", INDEX(FILTER($C8:AW8, ISNUMBER($C8:AW8)), COUNTA(FILTER($C8:AW8, IS"&"NUMBER($C8:AW8)))), lastVal + 'K dynamique'!AW8 * ((SQRT('Résultats des tournois'!AW$2 + 1)/'Résultats des tournois'!AW8) - (1 / (1 + 10^((AW$103 - lastVal)/400))))) ) ))"),"") | AY8: =IFERROR(__xludf.DUMMYFUNCTION("IF('Résultats des tournois'!AX$2=0,"""",LET( lastVal, INDEX(FILTER($B8:AX8, ISNUMBER($B8:AX8)), COUNTA(FILTER($B8:AX8, ISNUMBER($B8:AX8)))), IFERROR( IF('Résultats des tournois'!AX8="""", INDEX(FILTER($C8:AX8, ISNUMBER($C8:AX8)), COUNTA(FILTER($C8:AX8, IS"&"NUMBER($C8:AX8)))), lastVal + 'K dynamique'!AX8 * ((SQRT('Résultats des tournois'!AX$2 + 1)/'Résultats des tournois'!AX8) - (1 / (1 + 10^((AX$103 - lastVal)/400))))) ) ))"),"") | AZ8: {=IF(MAX(($C8:AY8<>"")*COLUMN($C8:AY8))=0,"",INDEX($C8:AY8,1,MAX(($C8:AY8<>"")*COLUMN($C8:AY8))-COLUMN($C8)+1))} -> 1542.4309 | BA8: =IF(ISNUMBER(AZ8),RANK(AZ8,$AZ$4:$AZ$102,0),"") -> 13
A9: =IF('Résultats des tournois'!A9="","",'Résultats des tournois'!A9) -> Hyppo | B9: 1500 | C9: =IF('Résultats des tournois'!B9="","",B9+'K dynamique'!B9*((SQRT('Résultats des tournois'!B$2+1)/'Résultats des tournois'!B9)-(1/(1+10^((B9-B9)/400))))) -> 1493.2102 | D9: =IFERROR(__xludf.DUMMYFUNCTION("IF('Résultats des tournois'!C$2=0,"""",LET( lastVal, INDEX(FILTER($B9:C9, ISNUMBER($B9:C9)), COUNTA(FILTER($B9:C9, ISNUMBER($B9:C9)))), IFERROR( IF('Résultats des tournois'!C9="""", INDEX(FILTER($C9:C9, ISNUMBER($C9:C9)), COUNTA(FILTER($C9:C9, ISNUMBER($C"&"9:C9)))), lastVal + 'K dynamique'!C9 * ((SQRT('Résultats des tournois'!C$2 + 1)/'Résultats des tournois'!C9) - (1 / (1 + 10^((C$103 - lastVal)/400))))) ) ))"),1493.2102335674435) -> 1493.2102 | E9: =IFERROR(__xludf.DUMMYFUNCTION("IF('Résultats des tournois'!D$2=0,"""",LET( lastVal, INDEX(FILTER($B9:D9, ISNUMBER($B9:D9)), COUNTA(FILTER($B9:D9, ISNUMBER($B9:D9)))), IFERROR( IF('Résultats des tournois'!D9="""", INDEX(FILTER($C9:D9, ISNUMBER($C9:D9)), COUNTA(FILTER($C9:D9, ISNUMBER($C"&"9:D9)))), lastVal + 'K dynamique'!D9 * ((SQRT('Résultats des tournois'!D$2 + 1)/'Résultats des tournois'!D9) - (1 / (1 + 10^((D$103 - lastVal)/400))))) ) ))"),1509.5946749110472) -> 1509.5947 | F9: =IFERROR(__xludf.DUMMYFUNCTION("IF('Résultats des tournois'!E$2=0,"""",LET( lastVal, INDEX(FILTER($B9:E9, ISNUMBER($B9:E9)), COUNTA(FILTER($B9:E9, ISNUMBER($B9:E9)))), IFERROR( IF('Résultats des tournois'!E9="""", INDEX(FILTER($C9:E9, ISNUMBER($C9:E9)), COUNTA(FILTER($C9:E9, ISNUMBER($C"&"9:E9)))), lastVal + 'K dynamique'!E9 * ((SQRT('Résultats des tournois'!E$2 + 1)/'Résultats des tournois'!E9) - (1 / (1 + 10^((E$103 - lastVal)/400))))) ) ))"),1509.5946749110472) -> 1509.5947 | G9: =IFERROR(__xludf.DUMMYFUNCTION("IF('Résultats des tournois'!F$2=0,"""",LET( lastVal, INDEX(FILTER($B9:F9, ISNUMBER($B9:F9)), COUNTA(FILTER($B9:F9, ISNUMBER($B9:F9)))), IFERROR( IF('Résultats des tournois'!F9="""", INDEX(FILTER($C9:F9, ISNUMBER($C9:F9)), COUNTA(FILTER($C9:F9, ISNUMBER($C"&"9:F9)))), lastVal + 'K dynamique'!F9 * ((SQRT('Résultats des tournois'!F$2 + 1)/'Résultats des tournois'!F9) - (1 / (1 + 10^((F$103 - lastVal)/400))))) ) ))"),1509.5946749110472) -> 1509.5947 | H9: =IFERROR(__xludf.DUMMYFUNCTION("IF('Résultats des tournois'!G$2=0,"""",LET( lastVal, INDEX(FILTER($B9:G9, ISNUMBER($B9:G9)), COUNTA(FILTER($B9:G9, ISNUMBER($B9:G9)))), IFERROR( IF('Résultats des tournois'!G9="""", INDEX(FILTER($C9:G9, ISNUMBER($C9:G9)), COUNTA(FILTER($C9:G9, ISNUMBER($C"&"9:G9)))), lastVal + 'K dynamique'!G9 * ((SQRT('Résultats des tournois'!G$2 + 1)/'Résultats des tournois'!G9) - (1 / (1 + 10^((G$103 - lastVal)/400))))) ) ))"),1509.5946749110472) -> 1509.5947 | I9: =IFERROR(__xludf.DUMMYFUNCTION("IF('Résultats des tournois'!H$2=0,"""",LET( lastVal, INDEX(FILTER($B9:H9, ISNUMBER($B9:H9)), COUNTA(FILTER($B9:H9, ISNUMBER($B9:H9)))), IFERROR( IF('Résultats des tournois'!H9="""", INDEX(FILTER($C9:H9, ISNUMBER($C9:H9)), COUNTA(FILTER($C9:H9, ISNUMBER($C"&"9:H9)))), lastVal + 'K dynamique'!H9 * ((SQRT('Résultats des tournois'!H$2 + 1)/'Résultats des tournois'!H9) - (1 / (1 + 10^((H$103 - lastVal)/400))))) ) ))"),1509.5946749110472) -> 1509.5947 | J9: =IFERROR(__xludf.DUMMYFUNCTION("IF('Résultats des tournois'!I$2=0,"""",LET( lastVal, INDEX(FILTER($B9:I9, ISNUMBER($B9:I9)), COUNTA(FILTER($B9:I9, ISNUMBER($B9:I9)))), IFERROR( IF('Résultats des tournois'!I9="""", INDEX(FILTER($C9:I9, ISNUMBER($C9:I9)), COUNTA(FILTER($C9:I9, ISNUMBER($C"&"9:I9)))), lastVal + 'K dynamique'!I9 * ((SQRT('Résultats des tournois'!I$2 + 1)/'Résultats des tournois'!I9) - (1 / (1 + 10^((I$103 - lastVal)/400))))) ) ))"),1509.5946749110472) -> 1509.5947 | K9: =IFERROR(__xludf.DUMMYFUNCTION("IF('Résultats des tournois'!J$2=0,"""",LET( lastVal, INDEX(FILTER($B9:J9, ISNUMBER($B9:J9)), COUNTA(FILTER($B9:J9, ISNUMBER($B9:J9)))), IFERROR( IF('Résultats des tournois'!J9="""", INDEX(FILTER($C9:J9, ISNUMBER($C9:J9)), COUNTA(FILTER($C9:J9, ISNUMBER($C"&"9:J9)))), lastVal + 'K dynamique'!J9 * ((SQRT('Résultats des tournois'!J$2 + 1)/'Résultats des tournois'!J9) - (1 / (1 + 10^((J$103 - lastVal)/400))))) ) ))"),1509.5946749110472) -> 1509.5947 | L9: =IFERROR(__xludf.DUMMYFUNCTION("IF('Résultats des tournois'!K$2=0,"""",LET( lastVal, INDEX(FILTER($B9:K9, ISNUMBER($B9:K9)), COUNTA(FILTER($B9:K9, ISNUMBER($B9:K9)))), IFERROR( IF('Résultats des tournois'!K9="""", INDEX(FILTER($C9:K9, ISNUMBER($C9:K9)), COUNTA(FILTER($C9:K9, ISNUMBER($C"&"9:K9)))), lastVal + 'K dynamique'!K9 * ((SQRT('Résultats des tournois'!K$2 + 1)/'Résultats des tournois'!K9) - (1 / (1 + 10^((K$103 - lastVal)/400))))) ) ))"),1509.5946749110472) -> 1509.5947 | M9: =IFERROR(__xludf.DUMMYFUNCTION("IF('Résultats des tournois'!L$2=0,"""",LET( lastVal, INDEX(FILTER($B9:L9, ISNUMBER($B9:L9)), COUNTA(FILTER($B9:L9, ISNUMBER($B9:L9)))), IFERROR( IF('Résultats des tournois'!L9="""", INDEX(FILTER($C9:L9, ISNUMBER($C9:L9)), COUNTA(FILTER($C9:L9, ISNUMBER($C"&"9:L9)))), lastVal + 'K dynamique'!L9 * ((SQRT('Résultats des tournois'!L$2 + 1)/'Résultats des tournois'!L9) - (1 / (1 + 10^((L$103 - lastVal)/400))))) ) ))"),1509.5946749110472) -> 1509.5947 | N9: =IFERROR(__xludf.DUMMYFUNCTION("IF('Résultats des tournois'!M$2=0,"""",LET( lastVal, INDEX(FILTER($B9:M9, ISNUMBER($B9:M9)), COUNTA(FILTER($B9:M9, ISNUMBER($B9:M9)))), IFERROR( IF('Résultats des tournois'!M9="""", INDEX(FILTER($C9:M9, ISNUMBER($C9:M9)), COUNTA(FILTER($C9:M9, ISNUMBER($C"&"9:M9)))), lastVal + 'K dynamique'!M9 * ((SQRT('Résultats des tournois'!M$2 + 1)/'Résultats des tournois'!M9) - (1 / (1 + 10^((M$103 - lastVal)/400))))) ) ))"),"") | O9: =IFERROR(__xludf.DUMMYFUNCTION("IF('Résultats des tournois'!N$2=0,"""",LET( lastVal, INDEX(FILTER($B9:N9, ISNUMBER($B9:N9)), COUNTA(FILTER($B9:N9, ISNUMBER($B9:N9)))), IFERROR( IF('Résultats des tournois'!N9="""", INDEX(FILTER($C9:N9, ISNUMBER($C9:N9)), COUNTA(FILTER($C9:N9, ISNUMBER($C"&"9:N9)))), lastVal + 'K dynamique'!N9 * ((SQRT('Résultats des tournois'!N$2 + 1)/'Résultats des tournois'!N9) - (1 / (1 + 10^((N$103 - lastVal)/400))))) ) ))"),"") | P9: =IFERROR(__xludf.DUMMYFUNCTION("IF('Résultats des tournois'!O$2=0,"""",LET( lastVal, INDEX(FILTER($B9:O9, ISNUMBER($B9:O9)), COUNTA(FILTER($B9:O9, ISNUMBER($B9:O9)))), IFERROR( IF('Résultats des tournois'!O9="""", INDEX(FILTER($C9:O9, ISNUMBER($C9:O9)), COUNTA(FILTER($C9:O9, ISNUMBER($C"&"9:O9)))), lastVal + 'K dynamique'!O9 * ((SQRT('Résultats des tournois'!O$2 + 1)/'Résultats des tournois'!O9) - (1 / (1 + 10^((O$103 - lastVal)/400))))) ) ))"),"") | Q9: =IFERROR(__xludf.DUMMYFUNCTION("IF('Résultats des tournois'!P$2=0,"""",LET( lastVal, INDEX(FILTER($B9:P9, ISNUMBER($B9:P9)), COUNTA(FILTER($B9:P9, ISNUMBER($B9:P9)))), IFERROR( IF('Résultats des tournois'!P9="""", INDEX(FILTER($C9:P9, ISNUMBER($C9:P9)), COUNTA(FILTER($C9:P9, ISNUMBER($C"&"9:P9)))), lastVal + 'K dynamique'!P9 * ((SQRT('Résultats des tournois'!P$2 + 1)/'Résultats des tournois'!P9) - (1 / (1 + 10^((P$103 - lastVal)/400))))) ) ))"),"") | R9: =IFERROR(__xludf.DUMMYFUNCTION("IF('Résultats des tournois'!Q$2=0,"""",LET( lastVal, INDEX(FILTER($B9:Q9, ISNUMBER($B9:Q9)), COUNTA(FILTER($B9:Q9, ISNUMBER($B9:Q9)))), IFERROR( IF('Résultats des tournois'!Q9="""", INDEX(FILTER($C9:Q9, ISNUMBER($C9:Q9)), COUNTA(FILTER($C9:Q9, ISNUMBER($C"&"9:Q9)))), lastVal + 'K dynamique'!Q9 * ((SQRT('Résultats des tournois'!Q$2 + 1)/'Résultats des tournois'!Q9) - (1 / (1 + 10^((Q$103 - lastVal)/400))))) ) ))"),"") | S9: =IFERROR(__xludf.DUMMYFUNCTION("IF('Résultats des tournois'!R$2=0,"""",LET( lastVal, INDEX(FILTER($B9:R9, ISNUMBER($B9:R9)), COUNTA(FILTER($B9:R9, ISNUMBER($B9:R9)))), IFERROR( IF('Résultats des tournois'!R9="""", INDEX(FILTER($C9:R9, ISNUMBER($C9:R9)), COUNTA(FILTER($C9:R9, ISNUMBER($C"&"9:R9)))), lastVal + 'K dynamique'!R9 * ((SQRT('Résultats des tournois'!R$2 + 1)/'Résultats des tournois'!R9) - (1 / (1 + 10^((R$103 - lastVal)/400))))) ) ))"),"") | T9: =IFERROR(__xludf.DUMMYFUNCTION("IF('Résultats des tournois'!S$2=0,"""",LET( lastVal, INDEX(FILTER($B9:S9, ISNUMBER($B9:S9)), COUNTA(FILTER($B9:S9, ISNUMBER($B9:S9)))), IFERROR( IF('Résultats des tournois'!S9="""", INDEX(FILTER($C9:S9, ISNUMBER($C9:S9)), COUNTA(FILTER($C9:S9, ISNUMBER($C"&"9:S9)))), lastVal + 'K dynamique'!S9 * ((SQRT('Résultats des tournois'!S$2 + 1)/'Résultats des tournois'!S9) - (1 / (1 + 10^((S$103 - lastVal)/400))))) ) ))"),"") | U9: =IFERROR(__xludf.DUMMYFUNCTION("IF('Résultats des tournois'!T$2=0,"""",LET( lastVal, INDEX(FILTER($B9:T9, ISNUMBER($B9:T9)), COUNTA(FILTER($B9:T9, ISNUMBER($B9:T9)))), IFERROR( IF('Résultats des tournois'!T9="""", INDEX(FILTER($C9:T9, ISNUMBER($C9:T9)), COUNTA(FILTER($C9:T9, ISNUMBER($C"&"9:T9)))), lastVal + 'K dynamique'!T9 * ((SQRT('Résultats des tournois'!T$2 + 1)/'Résultats des tournois'!T9) - (1 / (1 + 10^((T$103 - lastVal)/400))))) ) ))"),"") | V9: =IFERROR(__xludf.DUMMYFUNCTION("IF('Résultats des tournois'!U$2=0,"""",LET( lastVal, INDEX(FILTER($B9:U9, ISNUMBER($B9:U9)), COUNTA(FILTER($B9:U9, ISNUMBER($B9:U9)))), IFERROR( IF('Résultats des tournois'!U9="""", INDEX(FILTER($C9:U9, ISNUMBER($C9:U9)), COUNTA(FILTER($C9:U9, ISNUMBER($C"&"9:U9)))), lastVal + 'K dynamique'!U9 * ((SQRT('Résultats des tournois'!U$2 + 1)/'Résultats des tournois'!U9) - (1 / (1 + 10^((U$103 - lastVal)/400))))) ) ))"),"") | W9: =IFERROR(__xludf.DUMMYFUNCTION("IF('Résultats des tournois'!V$2=0,"""",LET( lastVal, INDEX(FILTER($B9:V9, ISNUMBER($B9:V9)), COUNTA(FILTER($B9:V9, ISNUMBER($B9:V9)))), IFERROR( IF('Résultats des tournois'!V9="""", INDEX(FILTER($C9:V9, ISNUMBER($C9:V9)), COUNTA(FILTER($C9:V9, ISNUMBER($C"&"9:V9)))), lastVal + 'K dynamique'!V9 * ((SQRT('Résultats des tournois'!V$2 + 1)/'Résultats des tournois'!V9) - (1 / (1 + 10^((V$103 - lastVal)/400))))) ) ))"),"") | X9: =IFERROR(__xludf.DUMMYFUNCTION("IF('Résultats des tournois'!W$2=0,"""",LET( lastVal, INDEX(FILTER($B9:W9, ISNUMBER($B9:W9)), COUNTA(FILTER($B9:W9, ISNUMBER($B9:W9)))), IFERROR( IF('Résultats des tournois'!W9="""", INDEX(FILTER($C9:W9, ISNUMBER($C9:W9)), COUNTA(FILTER($C9:W9, ISNUMBER($C"&"9:W9)))), lastVal + 'K dynamique'!W9 * ((SQRT('Résultats des tournois'!W$2 + 1)/'Résultats des tournois'!W9) - (1 / (1 + 10^((W$103 - lastVal)/400))))) ) ))"),"") | Y9: =IFERROR(__xludf.DUMMYFUNCTION("IF('Résultats des tournois'!X$2=0,"""",LET( lastVal, INDEX(FILTER($B9:X9, ISNUMBER($B9:X9)), COUNTA(FILTER($B9:X9, ISNUMBER($B9:X9)))), IFERROR( IF('Résultats des tournois'!X9="""", INDEX(FILTER($C9:X9, ISNUMBER($C9:X9)), COUNTA(FILTER($C9:X9, ISNUMBER($C"&"9:X9)))), lastVal + 'K dynamique'!X9 * ((SQRT('Résultats des tournois'!X$2 + 1)/'Résultats des tournois'!X9) - (1 / (1 + 10^((X$103 - lastVal)/400))))) ) ))"),"") | Z9: =IFERROR(__xludf.DUMMYFUNCTION("IF('Résultats des tournois'!Y$2=0,"""",LET( lastVal, INDEX(FILTER($B9:Y9, ISNUMBER($B9:Y9)), COUNTA(FILTER($B9:Y9, ISNUMBER($B9:Y9)))), IFERROR( IF('Résultats des tournois'!Y9="""", INDEX(FILTER($C9:Y9, ISNUMBER($C9:Y9)), COUNTA(FILTER($C9:Y9, ISNUMBER($C"&"9:Y9)))), lastVal + 'K dynamique'!Y9 * ((SQRT('Résultats des tournois'!Y$2 + 1)/'Résultats des tournois'!Y9) - (1 / (1 + 10^((Y$103 - lastVal)/400))))) ) ))"),"") | AA9: =IFERROR(__xludf.DUMMYFUNCTION("IF('Résultats des tournois'!Z$2=0,"""",LET( lastVal, INDEX(FILTER($B9:Z9, ISNUMBER($B9:Z9)), COUNTA(FILTER($B9:Z9, ISNUMBER($B9:Z9)))), IFERROR( IF('Résultats des tournois'!Z9="""", INDEX(FILTER($C9:Z9, ISNUMBER($C9:Z9)), COUNTA(FILTER($C9:Z9, ISNUMBER($C"&"9:Z9)))), lastVal + 'K dynamique'!Z9 * ((SQRT('Résultats des tournois'!Z$2 + 1)/'Résultats des tournois'!Z9) - (1 / (1 + 10^((Z$103 - lastVal)/400))))) ) ))"),"") | AB9: =IFERROR(__xludf.DUMMYFUNCTION("IF('Résultats des tournois'!AA$2=0,"""",LET( lastVal, INDEX(FILTER($B9:AA9, ISNUMBER($B9:AA9)), COUNTA(FILTER($B9:AA9, ISNUMBER($B9:AA9)))), IFERROR( IF('Résultats des tournois'!AA9="""", INDEX(FILTER($C9:AA9, ISNUMBER($C9:AA9)), COUNTA(FILTER($C9:AA9, IS"&"NUMBER($C9:AA9)))), lastVal + 'K dynamique'!AA9 * ((SQRT('Résultats des tournois'!AA$2 + 1)/'Résultats des tournois'!AA9) - (1 / (1 + 10^((AA$103 - lastVal)/400))))) ) ))"),"") | AC9: =IFERROR(__xludf.DUMMYFUNCTION("IF('Résultats des tournois'!AB$2=0,"""",LET( lastVal, INDEX(FILTER($B9:AB9, ISNUMBER($B9:AB9)), COUNTA(FILTER($B9:AB9, ISNUMBER($B9:AB9)))), IFERROR( IF('Résultats des tournois'!AB9="""", INDEX(FILTER($C9:AB9, ISNUMBER($C9:AB9)), COUNTA(FILTER($C9:AB9, IS"&"NUMBER($C9:AB9)))), lastVal + 'K dynamique'!AB9 * ((SQRT('Résultats des tournois'!AB$2 + 1)/'Résultats des tournois'!AB9) - (1 / (1 + 10^((AB$103 - lastVal)/400))))) ) ))"),"") | AD9: =IFERROR(__xludf.DUMMYFUNCTION("IF('Résultats des tournois'!AC$2=0,"""",LET( lastVal, INDEX(FILTER($B9:AC9, ISNUMBER($B9:AC9)), COUNTA(FILTER($B9:AC9, ISNUMBER($B9:AC9)))), IFERROR( IF('Résultats des tournois'!AC9="""", INDEX(FILTER($C9:AC9, ISNUMBER($C9:AC9)), COUNTA(FILTER($C9:AC9, IS"&"NUMBER($C9:AC9)))), lastVal + 'K dynamique'!AC9 * ((SQRT('Résultats des tournois'!AC$2 + 1)/'Résultats des tournois'!AC9) - (1 / (1 + 10^((AC$103 - lastVal)/400))))) ) ))"),"") | AE9: =IFERROR(__xludf.DUMMYFUNCTION("IF('Résultats des tournois'!AD$2=0,"""",LET( lastVal, INDEX(FILTER($B9:AD9, ISNUMBER($B9:AD9)), COUNTA(FILTER($B9:AD9, ISNUMBER($B9:AD9)))), IFERROR( IF('Résultats des tournois'!AD9="""", INDEX(FILTER($C9:AD9, ISNUMBER($C9:AD9)), COUNTA(FILTER($C9:AD9, IS"&"NUMBER($C9:AD9)))), lastVal + 'K dynamique'!AD9 * ((SQRT('Résultats des tournois'!AD$2 + 1)/'Résultats des tournois'!AD9) - (1 / (1 + 10^((AD$103 - lastVal)/400))))) ) ))"),"") | AF9: =IFERROR(__xludf.DUMMYFUNCTION("IF('Résultats des tournois'!AE$2=0,"""",LET( lastVal, INDEX(FILTER($B9:AE9, ISNUMBER($B9:AE9)), COUNTA(FILTER($B9:AE9, ISNUMBER($B9:AE9)))), IFERROR( IF('Résultats des tournois'!AE9="""", INDEX(FILTER($C9:AE9, ISNUMBER($C9:AE9)), COUNTA(FILTER($C9:AE9, IS"&"NUMBER($C9:AE9)))), lastVal + 'K dynamique'!AE9 * ((SQRT('Résultats des tournois'!AE$2 + 1)/'Résultats des tournois'!AE9) - (1 / (1 + 10^((AE$103 - lastVal)/400))))) ) ))"),"") | AG9: =IFERROR(__xludf.DUMMYFUNCTION("IF('Résultats des tournois'!AF$2=0,"""",LET( lastVal, INDEX(FILTER($B9:AF9, ISNUMBER($B9:AF9)), COUNTA(FILTER($B9:AF9, ISNUMBER($B9:AF9)))), IFERROR( IF('Résultats des tournois'!AF9="""", INDEX(FILTER($C9:AF9, ISNUMBER($C9:AF9)), COUNTA(FILTER($C9:AF9, IS"&"NUMBER($C9:AF9)))), lastVal + 'K dynamique'!AF9 * ((SQRT('Résultats des tournois'!AF$2 + 1)/'Résultats des tournois'!AF9) - (1 / (1 + 10^((AF$103 - lastVal)/400))))) ) ))"),"") | AH9: =IFERROR(__xludf.DUMMYFUNCTION("IF('Résultats des tournois'!AG$2=0,"""",LET( lastVal, INDEX(FILTER($B9:AG9, ISNUMBER($B9:AG9)), COUNTA(FILTER($B9:AG9, ISNUMBER($B9:AG9)))), IFERROR( IF('Résultats des tournois'!AG9="""", INDEX(FILTER($C9:AG9, ISNUMBER($C9:AG9)), COUNTA(FILTER($C9:AG9, IS"&"NUMBER($C9:AG9)))), lastVal + 'K dynamique'!AG9 * ((SQRT('Résultats des tournois'!AG$2 + 1)/'Résultats des tournois'!AG9) - (1 / (1 + 10^((AG$103 - lastVal)/400))))) ) ))"),"") | AI9: =IFERROR(__xludf.DUMMYFUNCTION("IF('Résultats des tournois'!AH$2=0,"""",LET( lastVal, INDEX(FILTER($B9:AH9, ISNUMBER($B9:AH9)), COUNTA(FILTER($B9:AH9, ISNUMBER($B9:AH9)))), IFERROR( IF('Résultats des tournois'!AH9="""", INDEX(FILTER($C9:AH9, ISNUMBER($C9:AH9)), COUNTA(FILTER($C9:AH9, IS"&"NUMBER($C9:AH9)))), lastVal + 'K dynamique'!AH9 * ((SQRT('Résultats des tournois'!AH$2 + 1)/'Résultats des tournois'!AH9) - (1 / (1 + 10^((AH$103 - lastVal)/400))))) ) ))"),"") | AJ9: =IFERROR(__xludf.DUMMYFUNCTION("IF('Résultats des tournois'!AI$2=0,"""",LET( lastVal, INDEX(FILTER($B9:AI9, ISNUMBER($B9:AI9)), COUNTA(FILTER($B9:AI9, ISNUMBER($B9:AI9)))), IFERROR( IF('Résultats des tournois'!AI9="""", INDEX(FILTER($C9:AI9, ISNUMBER($C9:AI9)), COUNTA(FILTER($C9:AI9, IS"&"NUMBER($C9:AI9)))), lastVal + 'K dynamique'!AI9 * ((SQRT('Résultats des tournois'!AI$2 + 1)/'Résultats des tournois'!AI9) - (1 / (1 + 10^((AI$103 - lastVal)/400))))) ) ))"),"") | AK9: =IFERROR(__xludf.DUMMYFUNCTION("IF('Résultats des tournois'!AJ$2=0,"""",LET( lastVal, INDEX(FILTER($B9:AJ9, ISNUMBER($B9:AJ9)), COUNTA(FILTER($B9:AJ9, ISNUMBER($B9:AJ9)))), IFERROR( IF('Résultats des tournois'!AJ9="""", INDEX(FILTER($C9:AJ9, ISNUMBER($C9:AJ9)), COUNTA(FILTER($C9:AJ9, IS"&"NUMBER($C9:AJ9)))), lastVal + 'K dynamique'!AJ9 * ((SQRT('Résultats des tournois'!AJ$2 + 1)/'Résultats des tournois'!AJ9) - (1 / (1 + 10^((AJ$103 - lastVal)/400))))) ) ))"),"") | AL9: =IFERROR(__xludf.DUMMYFUNCTION("IF('Résultats des tournois'!AK$2=0,"""",LET( lastVal, INDEX(FILTER($B9:AK9, ISNUMBER($B9:AK9)), COUNTA(FILTER($B9:AK9, ISNUMBER($B9:AK9)))), IFERROR( IF('Résultats des tournois'!AK9="""", INDEX(FILTER($C9:AK9, ISNUMBER($C9:AK9)), COUNTA(FILTER($C9:AK9, IS"&"NUMBER($C9:AK9)))), lastVal + 'K dynamique'!AK9 * ((SQRT('Résultats des tournois'!AK$2 + 1)/'Résultats des tournois'!AK9) - (1 / (1 + 10^((AK$103 - lastVal)/400))))) ) ))"),"") | AM9: =IFERROR(__xludf.DUMMYFUNCTION("IF('Résultats des tournois'!AL$2=0,"""",LET( lastVal, INDEX(FILTER($B9:AL9, ISNUMBER($B9:AL9)), COUNTA(FILTER($B9:AL9, ISNUMBER($B9:AL9)))), IFERROR( IF('Résultats des tournois'!AL9="""", INDEX(FILTER($C9:AL9, ISNUMBER($C9:AL9)), COUNTA(FILTER($C9:AL9, IS"&"NUMBER($C9:AL9)))), lastVal + 'K dynamique'!AL9 * ((SQRT('Résultats des tournois'!AL$2 + 1)/'Résultats des tournois'!AL9) - (1 / (1 + 10^((AL$103 - lastVal)/400))))) ) ))"),"") | AN9: =IFERROR(__xludf.DUMMYFUNCTION("IF('Résultats des tournois'!AM$2=0,"""",LET( lastVal, INDEX(FILTER($B9:AM9, ISNUMBER($B9:AM9)), COUNTA(FILTER($B9:AM9, ISNUMBER($B9:AM9)))), IFERROR( IF('Résultats des tournois'!AM9="""", INDEX(FILTER($C9:AM9, ISNUMBER($C9:AM9)), COUNTA(FILTER($C9:AM9, IS"&"NUMBER($C9:AM9)))), lastVal + 'K dynamique'!AM9 * ((SQRT('Résultats des tournois'!AM$2 + 1)/'Résultats des tournois'!AM9) - (1 / (1 + 10^((AM$103 - lastVal)/400))))) ) ))"),"") | AO9: =IFERROR(__xludf.DUMMYFUNCTION("IF('Résultats des tournois'!AN$2=0,"""",LET( lastVal, INDEX(FILTER($B9:AN9, ISNUMBER($B9:AN9)), COUNTA(FILTER($B9:AN9, ISNUMBER($B9:AN9)))), IFERROR( IF('Résultats des tournois'!AN9="""", INDEX(FILTER($C9:AN9, ISNUMBER($C9:AN9)), COUNTA(FILTER($C9:AN9, IS"&"NUMBER($C9:AN9)))), lastVal + 'K dynamique'!AN9 * ((SQRT('Résultats des tournois'!AN$2 + 1)/'Résultats des tournois'!AN9) - (1 / (1 + 10^((AN$103 - lastVal)/400))))) ) ))"),"") | AP9: =IFERROR(__xludf.DUMMYFUNCTION("IF('Résultats des tournois'!AO$2=0,"""",LET( lastVal, INDEX(FILTER($B9:AO9, ISNUMBER($B9:AO9)), COUNTA(FILTER($B9:AO9, ISNUMBER($B9:AO9)))), IFERROR( IF('Résultats des tournois'!AO9="""", INDEX(FILTER($C9:AO9, ISNUMBER($C9:AO9)), COUNTA(FILTER($C9:AO9, IS"&"NUMBER($C9:AO9)))), lastVal + 'K dynamique'!AO9 * ((SQRT('Résultats des tournois'!AO$2 + 1)/'Résultats des tournois'!AO9) - (1 / (1 + 10^((AO$103 - lastVal)/400))))) ) ))"),"") | AQ9: =IFERROR(__xludf.DUMMYFUNCTION("IF('Résultats des tournois'!AP$2=0,"""",LET( lastVal, INDEX(FILTER($B9:AP9, ISNUMBER($B9:AP9)), COUNTA(FILTER($B9:AP9, ISNUMBER($B9:AP9)))), IFERROR( IF('Résultats des tournois'!AP9="""", INDEX(FILTER($C9:AP9, ISNUMBER($C9:AP9)), COUNTA(FILTER($C9:AP9, IS"&"NUMBER($C9:AP9)))), lastVal + 'K dynamique'!AP9 * ((SQRT('Résultats des tournois'!AP$2 + 1)/'Résultats des tournois'!AP9) - (1 / (1 + 10^((AP$103 - lastVal)/400))))) ) ))"),"") | AR9: =IFERROR(__xludf.DUMMYFUNCTION("IF('Résultats des tournois'!AQ$2=0,"""",LET( lastVal, INDEX(FILTER($B9:AQ9, ISNUMBER($B9:AQ9)), COUNTA(FILTER($B9:AQ9, ISNUMBER($B9:AQ9)))), IFERROR( IF('Résultats des tournois'!AQ9="""", INDEX(FILTER($C9:AQ9, ISNUMBER($C9:AQ9)), COUNTA(FILTER($C9:AQ9, IS"&"NUMBER($C9:AQ9)))), lastVal + 'K dynamique'!AQ9 * ((SQRT('Résultats des tournois'!AQ$2 + 1)/'Résultats des tournois'!AQ9) - (1 / (1 + 10^((AQ$103 - lastVal)/400))))) ) ))"),"") | AS9: =IFERROR(__xludf.DUMMYFUNCTION("IF('Résultats des tournois'!AR$2=0,"""",LET( lastVal, INDEX(FILTER($B9:AR9, ISNUMBER($B9:AR9)), COUNTA(FILTER($B9:AR9, ISNUMBER($B9:AR9)))), IFERROR( IF('Résultats des tournois'!AR9="""", INDEX(FILTER($C9:AR9, ISNUMBER($C9:AR9)), COUNTA(FILTER($C9:AR9, IS"&"NUMBER($C9:AR9)))), lastVal + 'K dynamique'!AR9 * ((SQRT('Résultats des tournois'!AR$2 + 1)/'Résultats des tournois'!AR9) - (1 / (1 + 10^((AR$103 - lastVal)/400))))) ) ))"),"") | AT9: =IFERROR(__xludf.DUMMYFUNCTION("IF('Résultats des tournois'!AS$2=0,"""",LET( lastVal, INDEX(FILTER($B9:AS9, ISNUMBER($B9:AS9)), COUNTA(FILTER($B9:AS9, ISNUMBER($B9:AS9)))), IFERROR( IF('Résultats des tournois'!AS9="""", INDEX(FILTER($C9:AS9, ISNUMBER($C9:AS9)), COUNTA(FILTER($C9:AS9, IS"&"NUMBER($C9:AS9)))), lastVal + 'K dynamique'!AS9 * ((SQRT('Résultats des tournois'!AS$2 + 1)/'Résultats des tournois'!AS9) - (1 / (1 + 10^((AS$103 - lastVal)/400))))) ) ))"),"") | AU9: =IFERROR(__xludf.DUMMYFUNCTION("IF('Résultats des tournois'!AT$2=0,"""",LET( lastVal, INDEX(FILTER($B9:AT9, ISNUMBER($B9:AT9)), COUNTA(FILTER($B9:AT9, ISNUMBER($B9:AT9)))), IFERROR( IF('Résultats des tournois'!AT9="""", INDEX(FILTER($C9:AT9, ISNUMBER($C9:AT9)), COUNTA(FILTER($C9:AT9, IS"&"NUMBER($C9:AT9)))), lastVal + 'K dynamique'!AT9 * ((SQRT('Résultats des tournois'!AT$2 + 1)/'Résultats des tournois'!AT9) - (1 / (1 + 10^((AT$103 - lastVal)/400))))) ) ))"),"") | AV9: =IFERROR(__xludf.DUMMYFUNCTION("IF('Résultats des tournois'!AU$2=0,"""",LET( lastVal, INDEX(FILTER($B9:AU9, ISNUMBER($B9:AU9)), COUNTA(FILTER($B9:AU9, ISNUMBER($B9:AU9)))), IFERROR( IF('Résultats des tournois'!AU9="""", INDEX(FILTER($C9:AU9, ISNUMBER($C9:AU9)), COUNTA(FILTER($C9:AU9, IS"&"NUMBER($C9:AU9)))), lastVal + 'K dynamique'!AU9 * ((SQRT('Résultats des tournois'!AU$2 + 1)/'Résultats des tournois'!AU9) - (1 / (1 + 10^((AU$103 - lastVal)/400))))) ) ))"),"") | AW9: =IFERROR(__xludf.DUMMYFUNCTION("IF('Résultats des tournois'!AV$2=0,"""",LET( lastVal, INDEX(FILTER($B9:AV9, ISNUMBER($B9:AV9)), COUNTA(FILTER($B9:AV9, ISNUMBER($B9:AV9)))), IFERROR( IF('Résultats des tournois'!AV9="""", INDEX(FILTER($C9:AV9, ISNUMBER($C9:AV9)), COUNTA(FILTER($C9:AV9, IS"&"NUMBER($C9:AV9)))), lastVal + 'K dynamique'!AV9 * ((SQRT('Résultats des tournois'!AV$2 + 1)/'Résultats des tournois'!AV9) - (1 / (1 + 10^((AV$103 - lastVal)/400))))) ) ))"),"") | AX9: =IFERROR(__xludf.DUMMYFUNCTION("IF('Résultats des tournois'!AW$2=0,"""",LET( lastVal, INDEX(FILTER($B9:AW9, ISNUMBER($B9:AW9)), COUNTA(FILTER($B9:AW9, ISNUMBER($B9:AW9)))), IFERROR( IF('Résultats des tournois'!AW9="""", INDEX(FILTER($C9:AW9, ISNUMBER($C9:AW9)), COUNTA(FILTER($C9:AW9, IS"&"NUMBER($C9:AW9)))), lastVal + 'K dynamique'!AW9 * ((SQRT('Résultats des tournois'!AW$2 + 1)/'Résultats des tournois'!AW9) - (1 / (1 + 10^((AW$103 - lastVal)/400))))) ) ))"),"") | AY9: =IFERROR(__xludf.DUMMYFUNCTION("IF('Résultats des tournois'!AX$2=0,"""",LET( lastVal, INDEX(FILTER($B9:AX9, ISNUMBER($B9:AX9)), COUNTA(FILTER($B9:AX9, ISNUMBER($B9:AX9)))), IFERROR( IF('Résultats des tournois'!AX9="""", INDEX(FILTER($C9:AX9, ISNUMBER($C9:AX9)), COUNTA(FILTER($C9:AX9, IS"&"NUMBER($C9:AX9)))), lastVal + 'K dynamique'!AX9 * ((SQRT('Résultats des tournois'!AX$2 + 1)/'Résultats des tournois'!AX9) - (1 / (1 + 10^((AX$103 - lastVal)/400))))) ) ))"),"") | AZ9: {=IF(MAX(($C9:AY9<>"")*COLUMN($C9:AY9))=0,"",INDEX($C9:AY9,1,MAX(($C9:AY9<>"")*COLUMN($C9:AY9))-COLUMN($C9)+1))} -> 1509.5947 | BA9: =IF(ISNUMBER(AZ9),RANK(AZ9,$AZ$4:$AZ$102,0),"") -> 18
A10: =IF('Résultats des tournois'!A10="","",'Résultats des tournois'!A10) -> Loucas | B10: 1500 | C10: =IF('Résultats des tournois'!B10="","",B10+'K dynamique'!B10*((SQRT('Résultats des tournois'!B$2+1)/'Résultats des tournois'!B10)-(1/(1+10^((B10-B10)/400))))) -> 1493.9778 | D10: =IFERROR(__xludf.DUMMYFUNCTION("IF('Résultats des tournois'!C$2=0,"""",LET( lastVal, INDEX(FILTER($B10:C10, ISNUMBER($B10:C10)), COUNTA(FILTER($B10:C10, ISNUMBER($B10:C10)))), IFERROR( IF('Résultats des tournois'!C10="""", INDEX(FILTER($C10:C10, ISNUMBER($C10:C10)), COUNTA(FILTER($C10:C"&"10, ISNUMBER($C10:C10)))), lastVal + 'K dynamique'!C10 * ((SQRT('Résultats des tournois'!C$2 + 1)/'Résultats des tournois'!C10) - (1 / (1 + 10^((C$103 - lastVal)/400))))) ) ))"),1493.9777530313972) -> 1493.9778 | E10: =IFERROR(__xludf.DUMMYFUNCTION("IF('Résultats des tournois'!D$2=0,"""",LET( lastVal, INDEX(FILTER($B10:D10, ISNUMBER($B10:D10)), COUNTA(FILTER($B10:D10, ISNUMBER($B10:D10)))), IFERROR( IF('Résultats des tournois'!D10="""", INDEX(FILTER($C10:D10, ISNUMBER($C10:D10)), COUNTA(FILTER($C10:D"&"10, ISNUMBER($C10:D10)))), lastVal + 'K dynamique'!D10 * ((SQRT('Résultats des tournois'!D$2 + 1)/'Résultats des tournois'!D10) - (1 / (1 + 10^((D$103 - lastVal)/400))))) ) ))"),1520.6550684972833) -> 1520.6551 | F10: =IFERROR(__xludf.DUMMYFUNCTION("IF('Résultats des tournois'!E$2=0,"""",LET( lastVal, INDEX(FILTER($B10:E10, ISNUMBER($B10:E10)), COUNTA(FILTER($B10:E10, ISNUMBER($B10:E10)))), IFERROR( IF('Résultats des tournois'!E10="""", INDEX(FILTER($C10:E10, ISNUMBER($C10:E10)), COUNTA(FILTER($C10:E"&"10, ISNUMBER($C10:E10)))), lastVal + 'K dynamique'!E10 * ((SQRT('Résultats des tournois'!E$2 + 1)/'Résultats des tournois'!E10) - (1 / (1 + 10^((E$103 - lastVal)/400))))) ) ))"),1516.260951030313) -> 1516.261 | G10: =IFERROR(__xludf.DUMMYFUNCTION("IF('Résultats des tournois'!F$2=0,"""",LET( lastVal, INDEX(FILTER($B10:F10, ISNUMBER($B10:F10)), COUNTA(FILTER($B10:F10, ISNUMBER($B10:F10)))), IFERROR( IF('Résultats des tournois'!F10="""", INDEX(FILTER($C10:F10, ISNUMBER($C10:F10)), COUNTA(FILTER($C10:F"&"10, ISNUMBER($C10:F10)))), lastVal + 'K dynamique'!F10 * ((SQRT('Résultats des tournois'!F$2 + 1)/'Résultats des tournois'!F10) - (1 / (1 + 10^((F$103 - lastVal)/400))))) ) ))"),1516.260951030313) -> 1516.261 | H10: =IFERROR(__xludf.DUMMYFUNCTION("IF('Résultats des tournois'!G$2=0,"""",LET( lastVal, INDEX(FILTER($B10:G10, ISNUMBER($B10:G10)), COUNTA(FILTER($B10:G10, ISNUMBER($B10:G10)))), IFERROR( IF('Résultats des tournois'!G10="""", INDEX(FILTER($C10:G10, ISNUMBER($C10:G10)), COUNTA(FILTER($C10:G"&"10, ISNUMBER($C10:G10)))), lastVal + 'K dynamique'!G10 * ((SQRT('Résultats des tournois'!G$2 + 1)/'Résultats des tournois'!G10) - (1 / (1 + 10^((G$103 - lastVal)/400))))) ) ))"),1512.2403038849798) -> 1512.2403 | I10: =IFERROR(__xludf.DUMMYFUNCTION("IF('Résultats des tournois'!H$2=0,"""",LET( lastVal, INDEX(FILTER($B10:H10, ISNUMBER($B10:H10)), COUNTA(FILTER($B10:H10, ISNUMBER($B10:H10)))), IFERROR( IF('Résultats des tournois'!H10="""", INDEX(FILTER($C10:H10, ISNUMBER($C10:H10)), COUNTA(FILTER($C10:H"&"10, ISNUMBER($C10:H10)))), lastVal + 'K dynamique'!H10 * ((SQRT('Résultats des tournois'!H$2 + 1)/'Résultats des tournois'!H10) - (1 / (1 + 10^((H$103 - lastVal)/400))))) ) ))"),1541.877046295467) -> 1541.877 | J10: =IFERROR(__xludf.DUMMYFUNCTION("IF('Résultats des tournois'!I$2=0,"""",LET( lastVal, INDEX(FILTER($B10:I10, ISNUMBER($B10:I10)), COUNTA(FILTER($B10:I10, ISNUMBER($B10:I10)))), IFERROR( IF('Résultats des tournois'!I10="""", INDEX(FILTER($C10:I10, ISNUMBER($C10:I10)), COUNTA(FILTER($C10:I"&"10, ISNUMBER($C10:I10)))), lastVal + 'K dynamique'!I10 * ((SQRT('Résultats des tournois'!I$2 + 1)/'Résultats des tournois'!I10) - (1 / (1 + 10^((I$103 - lastVal)/400))))) ) ))"),1556.9081707980436) -> 1556.9082 | K10: =IFERROR(__xludf.DUMMYFUNCTION("IF('Résultats des tournois'!J$2=0,"""",LET( lastVal, INDEX(FILTER($B10:J10, ISNUMBER($B10:J10)), COUNTA(FILTER($B10:J10, ISNUMBER($B10:J10)))), IFERROR( IF('Résultats des tournois'!J10="""", INDEX(FILTER($C10:J10, ISNUMBER($C10:J10)), COUNTA(FILTER($C10:J"&"10, ISNUMBER($C10:J10)))), lastVal + 'K dynamique'!J10 * ((SQRT('Résultats des tournois'!J$2 + 1)/'Résultats des tournois'!J10) - (1 / (1 + 10^((J$103 - lastVal)/400))))) ) ))"),1552.452338868146) -> 1552.4523 | L10: =IFERROR(__xludf.DUMMYFUNCTION("IF('Résultats des tournois'!K$2=0,"""",LET( lastVal, INDEX(FILTER($B10:K10, ISNUMBER($B10:K10)), COUNTA(FILTER($B10:K10, ISNUMBER($B10:K10)))), IFERROR( IF('Résultats des tournois'!K10="""", INDEX(FILTER($C10:K10, ISNUMBER($C10:K10)), COUNTA(FILTER($C10:K"&"10, ISNUMBER($C10:K10)))), lastVal + 'K dynamique'!K10 * ((SQRT('Résultats des tournois'!K$2 + 1)/'Résultats des tournois'!K10) - (1 / (1 + 10^((K$103 - lastVal)/400))))) ) ))"),1589.0470252068517) -> 1589.047 | M10: =IFERROR(__xludf.DUMMYFUNCTION("IF('Résultats des tournois'!L$2=0,"""",LET( lastVal, INDEX(FILTER($B10:L10, ISNUMBER($B10:L10)), COUNTA(FILTER($B10:L10, ISNUMBER($B10:L10)))), IFERROR( IF('Résultats des tournois'!L10="""", INDEX(FILTER($C10:L10, ISNUMBER($C10:L10)), COUNTA(FILTER($C10:L"&"10, ISNUMBER($C10:L10)))), lastVal + 'K dynamique'!L10 * ((SQRT('Résultats des tournois'!L$2 + 1)/'Résultats des tournois'!L10) - (1 / (1 + 10^((L$103 - lastVal)/400))))) ) ))"),1659.6389527549973) -> 1659.639 | N10: =IFERROR(__xludf.DUMMYFUNCTION("IF('Résultats des tournois'!M$2=0,"""",LET( lastVal, INDEX(FILTER($B10:M10, ISNUMBER($B10:M10)), COUNTA(FILTER($B10:M10, ISNUMBER($B10:M10)))), IFERROR( IF('Résultats des tournois'!M10="""", INDEX(FILTER($C10:M10, ISNUMBER($C10:M10)), COUNTA(FILTER($C10:M"&"10, ISNUMBER($C10:M10)))), lastVal + 'K dynamique'!M10 * ((SQRT('Résultats des tournois'!M$2 + 1)/'Résultats des tournois'!M10) - (1 / (1 + 10^((M$103 - lastVal)/400))))) ) ))"),"") | O10: =IFERROR(__xludf.DUMMYFUNCTION("IF('Résultats des tournois'!N$2=0,"""",LET( lastVal, INDEX(FILTER($B10:N10, ISNUMBER($B10:N10)), COUNTA(FILTER($B10:N10, ISNUMBER($B10:N10)))), IFERROR( IF('Résultats des tournois'!N10="""", INDEX(FILTER($C10:N10, ISNUMBER($C10:N10)), COUNTA(FILTER($C10:N"&"10, ISNUMBER($C10:N10)))), lastVal + 'K dynamique'!N10 * ((SQRT('Résultats des tournois'!N$2 + 1)/'Résultats des tournois'!N10) - (1 / (1 + 10^((N$103 - lastVal)/400))))) ) ))"),"") | P10: =IFERROR(__xludf.DUMMYFUNCTION("IF('Résultats des tournois'!O$2=0,"""",LET( lastVal, INDEX(FILTER($B10:O10, ISNUMBER($B10:O10)), COUNTA(FILTER($B10:O10, ISNUMBER($B10:O10)))), IFERROR( IF('Résultats des tournois'!O10="""", INDEX(FILTER($C10:O10, ISNUMBER($C10:O10)), COUNTA(FILTER($C10:O"&"10, ISNUMBER($C10:O10)))), lastVal + 'K dynamique'!O10 * ((SQRT('Résultats des tournois'!O$2 + 1)/'Résultats des tournois'!O10) - (1 / (1 + 10^((O$103 - lastVal)/400))))) ) ))"),"") | Q10: =IFERROR(__xludf.DUMMYFUNCTION("IF('Résultats des tournois'!P$2=0,"""",LET( lastVal, INDEX(FILTER($B10:P10, ISNUMBER($B10:P10)), COUNTA(FILTER($B10:P10, ISNUMBER($B10:P10)))), IFERROR( IF('Résultats des tournois'!P10="""", INDEX(FILTER($C10:P10, ISNUMBER($C10:P10)), COUNTA(FILTER($C10:P"&"10, ISNUMBER($C10:P10)))), lastVal + 'K dynamique'!P10 * ((SQRT('Résultats des tournois'!P$2 + 1)/'Résultats des tournois'!P10) - (1 / (1 + 10^((P$103 - lastVal)/400))))) ) ))"),"") | R10: =IFERROR(__xludf.DUMMYFUNCTION("IF('Résultats des tournois'!Q$2=0,"""",LET( lastVal, INDEX(FILTER($B10:Q10, ISNUMBER($B10:Q10)), COUNTA(FILTER($B10:Q10, ISNUMBER($B10:Q10)))), IFERROR( IF('Résultats des tournois'!Q10="""", INDEX(FILTER($C10:Q10, ISNUMBER($C10:Q10)), COUNTA(FILTER($C10:Q"&"10, ISNUMBER($C10:Q10)))), lastVal + 'K dynamique'!Q10 * ((SQRT('Résultats des tournois'!Q$2 + 1)/'Résultats des tournois'!Q10) - (1 / (1 + 10^((Q$103 - lastVal)/400))))) ) ))"),"") | S10: =IFERROR(__xludf.DUMMYFUNCTION("IF('Résultats des tournois'!R$2=0,"""",LET( lastVal, INDEX(FILTER($B10:R10, ISNUMBER($B10:R10)), COUNTA(FILTER($B10:R10, ISNUMBER($B10:R10)))), IFERROR( IF('Résultats des tournois'!R10="""", INDEX(FILTER($C10:R10, ISNUMBER($C10:R10)), COUNTA(FILTER($C10:R"&"10, ISNUMBER($C10:R10)))), lastVal + 'K dynamique'!R10 * ((SQRT('Résultats des tournois'!R$2 + 1)/'Résultats des tournois'!R10) - (1 / (1 + 10^((R$103 - lastVal)/400))))) ) ))"),"") | T10: =IFERROR(__xludf.DUMMYFUNCTION("IF('Résultats des tournois'!S$2=0,"""",LET( lastVal, INDEX(FILTER($B10:S10, ISNUMBER($B10:S10)), COUNTA(FILTER($B10:S10, ISNUMBER($B10:S10)))), IFERROR( IF('Résultats des tournois'!S10="""", INDEX(FILTER($C10:S10, ISNUMBER($C10:S10)), COUNTA(FILTER($C10:S"&"10, ISNUMBER($C10:S10)))), lastVal + 'K dynamique'!S10 * ((SQRT('Résultats des tournois'!S$2 + 1)/'Résultats des tournois'!S10) - (1 / (1 + 10^((S$103 - lastVal)/400))))) ) ))"),"") | U10: =IFERROR(__xludf.DUMMYFUNCTION("IF('Résultats des tournois'!T$2=0,"""",LET( lastVal, INDEX(FILTER($B10:T10, ISNUMBER($B10:T10)), COUNTA(FILTER($B10:T10, ISNUMBER($B10:T10)))), IFERROR( IF('Résultats des tournois'!T10="""", INDEX(FILTER($C10:T10, ISNUMBER($C10:T10)), COUNTA(FILTER($C10:T"&"10, ISNUMBER($C10:T10)))), lastVal + 'K dynamique'!T10 * ((SQRT('Résultats des tournois'!T$2 + 1)/'Résultats des tournois'!T10) - (1 / (1 + 10^((T$103 - lastVal)/400))))) ) ))"),"") | V10: =IFERROR(__xludf.DUMMYFUNCTION("IF('Résultats des tournois'!U$2=0,"""",LET( lastVal, INDEX(FILTER($B10:U10, ISNUMBER($B10:U10)), COUNTA(FILTER($B10:U10, ISNUMBER($B10:U10)))), IFERROR( IF('Résultats des tournois'!U10="""", INDEX(FILTER($C10:U10, ISNUMBER($C10:U10)), COUNTA(FILTER($C10:U"&"10, ISNUMBER($C10:U10)))), lastVal + 'K dynamique'!U10 * ((SQRT('Résultats des tournois'!U$2 + 1)/'Résultats des tournois'!U10) - (1 / (1 + 10^((U$103 - lastVal)/400))))) ) ))"),"") | W10: =IFERROR(__xludf.DUMMYFUNCTION("IF('Résultats des tournois'!V$2=0,"""",LET( lastVal, INDEX(FILTER($B10:V10, ISNUMBER($B10:V10)), COUNTA(FILTER($B10:V10, ISNUMBER($B10:V10)))), IFERROR( IF('Résultats des tournois'!V10="""", INDEX(FILTER($C10:V10, ISNUMBER($C10:V10)), COUNTA(FILTER($C10:V"&"10, ISNUMBER($C10:V10)))), lastVal + 'K dynamique'!V10 * ((SQRT('Résultats des tournois'!V$2 + 1)/'Résultats des tournois'!V10) - (1 / (1 + 10^((V$103 - lastVal)/400))))) ) ))"),"") | X10: =IFERROR(__xludf.DUMMYFUNCTION("IF('Résultats des tournois'!W$2=0,"""",LET( lastVal, INDEX(FILTER($B10:W10, ISNUMBER($B10:W10)), COUNTA(FILTER($B10:W10, ISNUMBER($B10:W10)))), IFERROR( IF('Résultats des tournois'!W10="""", INDEX(FILTER($C10:W10, ISNUMBER($C10:W10)), COUNTA(FILTER($C10:W"&"10, ISNUMBER($C10:W10)))), lastVal + 'K dynamique'!W10 * ((SQRT('Résultats des tournois'!W$2 + 1)/'Résultats des tournois'!W10) - (1 / (1 + 10^((W$103 - lastVal)/400))))) ) ))"),"") | Y10: =IFERROR(__xludf.DUMMYFUNCTION("IF('Résultats des tournois'!X$2=0,"""",LET( lastVal, INDEX(FILTER($B10:X10, ISNUMBER($B10:X10)), COUNTA(FILTER($B10:X10, ISNUMBER($B10:X10)))), IFERROR( IF('Résultats des tournois'!X10="""", INDEX(FILTER($C10:X10, ISNUMBER($C10:X10)), COUNTA(FILTER($C10:X"&"10, ISNUMBER($C10:X10)))), lastVal + 'K dynamique'!X10 * ((SQRT('Résultats des tournois'!X$2 + 1)/'Résultats des tournois'!X10) - (1 / (1 + 10^((X$103 - lastVal)/400))))) ) ))"),"") | Z10: =IFERROR(__xludf.DUMMYFUNCTION("IF('Résultats des tournois'!Y$2=0,"""",LET( lastVal, INDEX(FILTER($B10:Y10, ISNUMBER($B10:Y10)), COUNTA(FILTER($B10:Y10, ISNUMBER($B10:Y10)))), IFERROR( IF('Résultats des tournois'!Y10="""", INDEX(FILTER($C10:Y10, ISNUMBER($C10:Y10)), COUNTA(FILTER($C10:Y"&"10, ISNUMBER($C10:Y10)))), lastVal + 'K dynamique'!Y10 * ((SQRT('Résultats des tournois'!Y$2 + 1)/'Résultats des tournois'!Y10) - (1 / (1 + 10^((Y$103 - lastVal)/400))))) ) ))"),"") | AA10: =IFERROR(__xludf.DUMMYFUNCTION("IF('Résultats des tournois'!Z$2=0,"""",LET( lastVal, INDEX(FILTER($B10:Z10, ISNUMBER($B10:Z10)), COUNTA(FILTER($B10:Z10, ISNUMBER($B10:Z10)))), IFERROR( IF('Résultats des tournois'!Z10="""", INDEX(FILTER($C10:Z10, ISNUMBER($C10:Z10)), COUNTA(FILTER($C10:Z"&"10, ISNUMBER($C10:Z10)))), lastVal + 'K dynamique'!Z10 * ((SQRT('Résultats des tournois'!Z$2 + 1)/'Résultats des tournois'!Z10) - (1 / (1 + 10^((Z$103 - lastVal)/400))))) ) ))"),"") | AB10: =IFERROR(__xludf.DUMMYFUNCTION("IF('Résultats des tournois'!AA$2=0,"""",LET( lastVal, INDEX(FILTER($B10:AA10, ISNUMBER($B10:AA10)), COUNTA(FILTER($B10:AA10, ISNUMBER($B10:AA10)))), IFERROR( IF('Résultats des tournois'!AA10="""", INDEX(FILTER($C10:AA10, ISNUMBER($C10:AA10)), COUNTA(FILTE"&"R($C10:AA10, ISNUMBER($C10:AA10)))), lastVal + 'K dynamique'!AA10 * ((SQRT('Résultats des tournois'!AA$2 + 1)/'Résultats des tournois'!AA10) - (1 / (1 + 10^((AA$103 - lastVal)/400))))) ) ))"),"") | AC10: =IFERROR(__xludf.DUMMYFUNCTION("IF('Résultats des tournois'!AB$2=0,"""",LET( lastVal, INDEX(FILTER($B10:AB10, ISNUMBER($B10:AB10)), COUNTA(FILTER($B10:AB10, ISNUMBER($B10:AB10)))), IFERROR( IF('Résultats des tournois'!AB10="""", INDEX(FILTER($C10:AB10, ISNUMBER($C10:AB10)), COUNTA(FILTE"&"R($C10:AB10, ISNUMBER($C10:AB10)))), lastVal + 'K dynamique'!AB10 * ((SQRT('Résultats des tournois'!AB$2 + 1)/'Résultats des tournois'!AB10) - (1 / (1 + 10^((AB$103 - lastVal)/400))))) ) ))"),"") | AD10: =IFERROR(__xludf.DUMMYFUNCTION("IF('Résultats des tournois'!AC$2=0,"""",LET( lastVal, INDEX(FILTER($B10:AC10, ISNUMBER($B10:AC10)), COUNTA(FILTER($B10:AC10, ISNUMBER($B10:AC10)))), IFERROR( IF('Résultats des tournois'!AC10="""", INDEX(FILTER($C10:AC10, ISNUMBER($C10:AC10)), COUNTA(FILTE"&"R($C10:AC10, ISNUMBER($C10:AC10)))), lastVal + 'K dynamique'!AC10 * ((SQRT('Résultats des tournois'!AC$2 + 1)/'Résultats des tournois'!AC10) - (1 / (1 + 10^((AC$103 - lastVal)/400))))) ) ))"),"") | AE10: =IFERROR(__xludf.DUMMYFUNCTION("IF('Résultats des tournois'!AD$2=0,"""",LET( lastVal, INDEX(FILTER($B10:AD10, ISNUMBER($B10:AD10)), COUNTA(FILTER($B10:AD10, ISNUMBER($B10:AD10)))), IFERROR( IF('Résultats des tournois'!AD10="""", INDEX(FILTER($C10:AD10, ISNUMBER($C10:AD10)), COUNTA(FILTE"&"R($C10:AD10, ISNUMBER($C10:AD10)))), lastVal + 'K dynamique'!AD10 * ((SQRT('Résultats des tournois'!AD$2 + 1)/'Résultats des tournois'!AD10) - (1 / (1 + 10^((AD$103 - lastVal)/400))))) ) ))"),"") | AF10: =IFERROR(__xludf.DUMMYFUNCTION("IF('Résultats des tournois'!AE$2=0,"""",LET( lastVal, INDEX(FILTER($B10:AE10, ISNUMBER($B10:AE10)), COUNTA(FILTER($B10:AE10, ISNUMBER($B10:AE10)))), IFERROR( IF('Résultats des tournois'!AE10="""", INDEX(FILTER($C10:AE10, ISNUMBER($C10:AE10)), COUNTA(FILTE"&"R($C10:AE10, ISNUMBER($C10:AE10)))), lastVal + 'K dynamique'!AE10 * ((SQRT('Résultats des tournois'!AE$2 + 1)/'Résultats des tournois'!AE10) - (1 / (1 + 10^((AE$103 - lastVal)/400))))) ) ))"),"") | AG10: =IFERROR(__xludf.DUMMYFUNCTION("IF('Résultats des tournois'!AF$2=0,"""",LET( lastVal, INDEX(FILTER($B10:AF10, ISNUMBER($B10:AF10)), COUNTA(FILTER($B10:AF10, ISNUMBER($B10:AF10)))), IFERROR( IF('Résultats des tournois'!AF10="""", INDEX(FILTER($C10:AF10, ISNUMBER($C10:AF10)), COUNTA(FILTE"&"R($C10:AF10, ISNUMBER($C10:AF10)))), lastVal + 'K dynamique'!AF10 * ((SQRT('Résultats des tournois'!AF$2 + 1)/'Résultats des tournois'!AF10) - (1 / (1 + 10^((AF$103 - lastVal)/400))))) ) ))"),"") | AH10: =IFERROR(__xludf.DUMMYFUNCTION("IF('Résultats des tournois'!AG$2=0,"""",LET( lastVal, INDEX(FILTER($B10:AG10, ISNUMBER($B10:AG10)), COUNTA(FILTER($B10:AG10, ISNUMBER($B10:AG10)))), IFERROR( IF('Résultats des tournois'!AG10="""", INDEX(FILTER($C10:AG10, ISNUMBER($C10:AG10)), COUNTA(FILTE"&"R($C10:AG10, ISNUMBER($C10:AG10)))), lastVal + 'K dynamique'!AG10 * ((SQRT('Résultats des tournois'!AG$2 + 1)/'Résultats des tournois'!AG10) - (1 / (1 + 10^((AG$103 - lastVal)/400))))) ) ))"),"") | AI10: =IFERROR(__xludf.DUMMYFUNCTION("IF('Résultats des tournois'!AH$2=0,"""",LET( lastVal, INDEX(FILTER($B10:AH10, ISNUMBER($B10:AH10)), COUNTA(FILTER($B10:AH10, ISNUMBER($B10:AH10)))), IFERROR( IF('Résultats des tournois'!AH10="""", INDEX(FILTER($C10:AH10, ISNUMBER($C10:AH10)), COUNTA(FILTE"&"R($C10:AH10, ISNUMBER($C10:AH10)))), lastVal + 'K dynamique'!AH10 * ((SQRT('Résultats des tournois'!AH$2 + 1)/'Résultats des tournois'!AH10) - (1 / (1 + 10^((AH$103 - lastVal)/400))))) ) ))"),"") | AJ10: =IFERROR(__xludf.DUMMYFUNCTION("IF('Résultats des tournois'!AI$2=0,"""",LET( lastVal, INDEX(FILTER($B10:AI10, ISNUMBER($B10:AI10)), COUNTA(FILTER($B10:AI10, ISNUMBER($B10:AI10)))), IFERROR( IF('Résultats des tournois'!AI10="""", INDEX(FILTER($C10:AI10, ISNUMBER($C10:AI10)), COUNTA(FILTE"&"R($C10:AI10, ISNUMBER($C10:AI10)))), lastVal + 'K dynamique'!AI10 * ((SQRT('Résultats des tournois'!AI$2 + 1)/'Résultats des tournois'!AI10) - (1 / (1 + 10^((AI$103 - lastVal)/400))))) ) ))"),"") | AK10: =IFERROR(__xludf.DUMMYFUNCTION("IF('Résultats des tournois'!AJ$2=0,"""",LET( lastVal, INDEX(FILTER($B10:AJ10, ISNUMBER($B10:AJ10)), COUNTA(FILTER($B10:AJ10, ISNUMBER($B10:AJ10)))), IFERROR( IF('Résultats des tournois'!AJ10="""", INDEX(FILTER($C10:AJ10, ISNUMBER($C10:AJ10)), COUNTA(FILTE"&"R($C10:AJ10, ISNUMBER($C10:AJ10)))), lastVal + 'K dynamique'!AJ10 * ((SQRT('Résultats des tournois'!AJ$2 + 1)/'Résultats des tournois'!AJ10) - (1 / (1 + 10^((AJ$103 - lastVal)/400))))) ) ))"),"") | AL10: =IFERROR(__xludf.DUMMYFUNCTION("IF('Résultats des tournois'!AK$2=0,"""",LET( lastVal, INDEX(FILTER($B10:AK10, ISNUMBER($B10:AK10)), COUNTA(FILTER($B10:AK10, ISNUMBER($B10:AK10)))), IFERROR( IF('Résultats des tournois'!AK10="""", INDEX(FILTER($C10:AK10, ISNUMBER($C10:AK10)), COUNTA(FILTE"&"R($C10:AK10, ISNUMBER($C10:AK10)))), lastVal + 'K dynamique'!AK10 * ((SQRT('Résultats des tournois'!AK$2 + 1)/'Résultats des tournois'!AK10) - (1 / (1 + 10^((AK$103 - lastVal)/400))))) ) ))"),"") | AM10: =IFERROR(__xludf.DUMMYFUNCTION("IF('Résultats des tournois'!AL$2=0,"""",LET( lastVal, INDEX(FILTER($B10:AL10, ISNUMBER($B10:AL10)), COUNTA(FILTER($B10:AL10, ISNUMBER($B10:AL10)))), IFERROR( IF('Résultats des tournois'!AL10="""", INDEX(FILTER($C10:AL10, ISNUMBER($C10:AL10)), COUNTA(FILTE"&"R($C10:AL10, ISNUMBER($C10:AL10)))), lastVal + 'K dynamique'!AL10 * ((SQRT('Résultats des tournois'!AL$2 + 1)/'Résultats des tournois'!AL10) - (1 / (1 + 10^((AL$103 - lastVal)/400))))) ) ))"),"") | AN10: =IFERROR(__xludf.DUMMYFUNCTION("IF('Résultats des tournois'!AM$2=0,"""",LET( lastVal, INDEX(FILTER($B10:AM10, ISNUMBER($B10:AM10)), COUNTA(FILTER($B10:AM10, ISNUMBER($B10:AM10)))), IFERROR( IF('Résultats des tournois'!AM10="""", INDEX(FILTER($C10:AM10, ISNUMBER($C10:AM10)), COUNTA(FILTE"&"R($C10:AM10, ISNUMBER($C10:AM10)))), lastVal + 'K dynamique'!AM10 * ((SQRT('Résultats des tournois'!AM$2 + 1)/'Résultats des tournois'!AM10) - (1 / (1 + 10^((AM$103 - lastVal)/400))))) ) ))"),"") | AO10: =IFERROR(__xludf.DUMMYFUNCTION("IF('Résultats des tournois'!AN$2=0,"""",LET( lastVal, INDEX(FILTER($B10:AN10, ISNUMBER($B10:AN10)), COUNTA(FILTER($B10:AN10, ISNUMBER($B10:AN10)))), IFERROR( IF('Résultats des tournois'!AN10="""", INDEX(FILTER($C10:AN10, ISNUMBER($C10:AN10)), COUNTA(FILTE"&"R($C10:AN10, ISNUMBER($C10:AN10)))), lastVal + 'K dynamique'!AN10 * ((SQRT('Résultats des tournois'!AN$2 + 1)/'Résultats des tournois'!AN10) - (1 / (1 + 10^((AN$103 - lastVal)/400))))) ) ))"),"") | AP10: =IFERROR(__xludf.DUMMYFUNCTION("IF('Résultats des tournois'!AO$2=0,"""",LET( lastVal, INDEX(FILTER($B10:AO10, ISNUMBER($B10:AO10)), COUNTA(FILTER($B10:AO10, ISNUMBER($B10:AO10)))), IFERROR( IF('Résultats des tournois'!AO10="""", INDEX(FILTER($C10:AO10, ISNUMBER($C10:AO10)), COUNTA(FILTE"&"R($C10:AO10, ISNUMBER($C10:AO10)))), lastVal + 'K dynamique'!AO10 * ((SQRT('Résultats des tournois'!AO$2 + 1)/'Résultats des tournois'!AO10) - (1 / (1 + 10^((AO$103 - lastVal)/400))))) ) ))"),"") | AQ10: =IFERROR(__xludf.DUMMYFUNCTION("IF('Résultats des tournois'!AP$2=0,"""",LET( lastVal, INDEX(FILTER($B10:AP10, ISNUMBER($B10:AP10)), COUNTA(FILTER($B10:AP10, ISNUMBER($B10:AP10)))), IFERROR( IF('Résultats des tournois'!AP10="""", INDEX(FILTER($C10:AP10, ISNUMBER($C10:AP10)), COUNTA(FILTE"&"R($C10:AP10, ISNUMBER($C10:AP10)))), lastVal + 'K dynamique'!AP10 * ((SQRT('Résultats des tournois'!AP$2 + 1)/'Résultats des tournois'!AP10) - (1 / (1 + 10^((AP$103 - lastVal)/400))))) ) ))"),"") | AR10: =IFERROR(__xludf.DUMMYFUNCTION("IF('Résultats des tournois'!AQ$2=0,"""",LET( lastVal, INDEX(FILTER($B10:AQ10, ISNUMBER($B10:AQ10)), COUNTA(FILTER($B10:AQ10, ISNUMBER($B10:AQ10)))), IFERROR( IF('Résultats des tournois'!AQ10="""", INDEX(FILTER($C10:AQ10, ISNUMBER($C10:AQ10)), COUNTA(FILTE"&"R($C10:AQ10, ISNUMBER($C10:AQ10)))), lastVal + 'K dynamique'!AQ10 * ((SQRT('Résultats des tournois'!AQ$2 + 1)/'Résultats des tournois'!AQ10) - (1 / (1 + 10^((AQ$103 - lastVal)/400))))) ) ))"),"") | AS10: =IFERROR(__xludf.DUMMYFUNCTION("IF('Résultats des tournois'!AR$2=0,"""",LET( lastVal, INDEX(FILTER($B10:AR10, ISNUMBER($B10:AR10)), COUNTA(FILTER($B10:AR10, ISNUMBER($B10:AR10)))), IFERROR( IF('Résultats des tournois'!AR10="""", INDEX(FILTER($C10:AR10, ISNUMBER($C10:AR10)), COUNTA(FILTE"&"R($C10:AR10, ISNUMBER($C10:AR10)))), lastVal + 'K dynamique'!AR10 * ((SQRT('Résultats des tournois'!AR$2 + 1)/'Résultats des tournois'!AR10) - (1 / (1 + 10^((AR$103 - lastVal)/400))))) ) ))"),"") | AT10: =IFERROR(__xludf.DUMMYFUNCTION("IF('Résultats des tournois'!AS$2=0,"""",LET( lastVal, INDEX(FILTER($B10:AS10, ISNUMBER($B10:AS10)), COUNTA(FILTER($B10:AS10, ISNUMBER($B10:AS10)))), IFERROR( IF('Résultats des tournois'!AS10="""", INDEX(FILTER($C10:AS10, ISNUMBER($C10:AS10)), COUNTA(FILTE"&"R($C10:AS10, ISNUMBER($C10:AS10)))), lastVal + 'K dynamique'!AS10 * ((SQRT('Résultats des tournois'!AS$2 + 1)/'Résultats des tournois'!AS10) - (1 / (1 + 10^((AS$103 - lastVal)/400))))) ) ))"),"") | AU10: =IFERROR(__xludf.DUMMYFUNCTION("IF('Résultats des tournois'!AT$2=0,"""",LET( lastVal, INDEX(FILTER($B10:AT10, ISNUMBER($B10:AT10)), COUNTA(FILTER($B10:AT10, ISNUMBER($B10:AT10)))), IFERROR( IF('Résultats des tournois'!AT10="""", INDEX(FILTER($C10:AT10, ISNUMBER($C10:AT10)), COUNTA(FILTE"&"R($C10:AT10, ISNUMBER($C10:AT10)))), lastVal + 'K dynamique'!AT10 * ((SQRT('Résultats des tournois'!AT$2 + 1)/'Résultats des tournois'!AT10) - (1 / (1 + 10^((AT$103 - lastVal)/400))))) ) ))"),"") | AV10: =IFERROR(__xludf.DUMMYFUNCTION("IF('Résultats des tournois'!AU$2=0,"""",LET( lastVal, INDEX(FILTER($B10:AU10, ISNUMBER($B10:AU10)), COUNTA(FILTER($B10:AU10, ISNUMBER($B10:AU10)))), IFERROR( IF('Résultats des tournois'!AU10="""", INDEX(FILTER($C10:AU10, ISNUMBER($C10:AU10)), COUNTA(FILTE"&"R($C10:AU10, ISNUMBER($C10:AU10)))), lastVal + 'K dynamique'!AU10 * ((SQRT('Résultats des tournois'!AU$2 + 1)/'Résultats des tournois'!AU10) - (1 / (1 + 10^((AU$103 - lastVal)/400))))) ) ))"),"") | AW10: =IFERROR(__xludf.DUMMYFUNCTION("IF('Résultats des tournois'!AV$2=0,"""",LET( lastVal, INDEX(FILTER($B10:AV10, ISNUMBER($B10:AV10)), COUNTA(FILTER($B10:AV10, ISNUMBER($B10:AV10)))), IFERROR( IF('Résultats des tournois'!AV10="""", INDEX(FILTER($C10:AV10, ISNUMBER($C10:AV10)), COUNTA(FILTE"&"R($C10:AV10, ISNUMBER($C10:AV10)))), lastVal + 'K dynamique'!AV10 * ((SQRT('Résultats des tournois'!AV$2 + 1)/'Résultats des tournois'!AV10) - (1 / (1 + 10^((AV$103 - lastVal)/400))))) ) ))"),"") | AX10: =IFERROR(__xludf.DUMMYFUNCTION("IF('Résultats des tournois'!AW$2=0,"""",LET( lastVal, INDEX(FILTER($B10:AW10, ISNUMBER($B10:AW10)), COUNTA(FILTER($B10:AW10, ISNUMBER($B10:AW10)))), IFERROR( IF('Résultats des tournois'!AW10="""", INDEX(FILTER($C10:AW10, ISNUMBER($C10:AW10)), COUNTA(FILTE"&"R($C10:AW10, ISNUMBER($C10:AW10)))), lastVal + 'K dynamique'!AW10 * ((SQRT('Résultats des tournois'!AW$2 + 1)/'Résultats des tournois'!AW10) - (1 / (1 + 10^((AW$103 - lastVal)/400))))) ) ))"),"") | AY10: =IFERROR(__xludf.DUMMYFUNCTION("IF('Résultats des tournois'!AX$2=0,"""",LET( lastVal, INDEX(FILTER($B10:AX10, ISNUMBER($B10:AX10)), COUNTA(FILTER($B10:AX10, ISNUMBER($B10:AX10)))), IFERROR( IF('Résultats des tournois'!AX10="""", INDEX(FILTER($C10:AX10, ISNUMBER($C10:AX10)), COUNTA(FILTE"&"R($C10:AX10, ISNUMBER($C10:AX10)))), lastVal + 'K dynamique'!AX10 * ((SQRT('Résultats des tournois'!AX$2 + 1)/'Résultats des tournois'!AX10) - (1 / (1 + 10^((AX$103 - lastVal)/400))))) ) ))"),"") | AZ10: {=IF(MAX(($C10:AY10<>"")*COLUMN($C10:AY10))=0,"",INDEX($C10:AY10,1,MAX(($C10:AY10<>"")*COLUMN($C10:AY10))-COLUMN($C10)+1))} -> 1659.639 | BA10: =IF(ISNUMBER(AZ10),RANK(AZ10,$AZ$4:$AZ$102,0),"") -> 3
